entity_code,external_id,title,description,severity,category,source_system,asset_code,detected_at,acknowledged_at,closed_at,status
BANK-A,BANK-A-ALT-00001,Config Change activity detected,Automated CONFIG_CHANGE alert on asset BANK-A-AST-0051,MEDIUM,CONFIG_CHANGE,EDR,BANK-A-AST-0051,2026-07-14 09:18:43,2026-07-14 09:36:43,2026-07-14 20:32:43,CLOSED
BANK-A,BANK-A-ALT-00002,Data Exfiltration activity detected,Automated DATA_EXFILTRATION alert on asset BANK-A-AST-0002,HIGH,DATA_EXFILTRATION,WAF,BANK-A-AST-0002,2026-09-24 08:00:56,2026-09-24 08:26:56,2026-09-24 10:58:56,CLOSED
BANK-A,BANK-A-ALT-00003,Data Exfiltration activity detected,Automated DATA_EXFILTRATION alert on asset BANK-A-AST-0022,HIGH,DATA_EXFILTRATION,NDR,BANK-A-AST-0022,2026-09-15 07:29:10,2026-09-15 07:33:10,2026-09-15 08:25:10,FALSE_POSITIVE
BANK-A,BANK-A-ALT-00004,Config Change activity detected,Automated CONFIG_CHANGE alert on asset BANK-A-AST-0011,INFO,CONFIG_CHANGE,EDR,BANK-A-AST-0011,2026-07-22 12:36:21,2026-07-22 13:00:21,2026-07-22 22:10:21,CLOSED
BANK-A,BANK-A-ALT-00005,Malware activity detected,Automated MALWARE alert on asset BANK-A-AST-0027,MEDIUM,MALWARE,EDR,BANK-A-AST-0027,2026-08-11 19:03:27,2026-08-11 19:33:27,2026-08-12 19:01:27,CLOSED
BANK-A,BANK-A-ALT-00006,Malware activity detected,Automated MALWARE alert on asset BANK-A-AST-0049,LOW,MALWARE,EDR,BANK-A-AST-0049,2026-08-24 22:47:29,2026-08-24 23:16:29,2026-08-25 21:31:29,CLOSED
BANK-A,BANK-A-ALT-00007,Policy Violation activity detected,Automated POLICY_VIOLATION alert on asset BANK-A-AST-0052,MEDIUM,POLICY_VIOLATION,SIEM,BANK-A-AST-0052,2026-07-03 23:55:37,2026-07-04 00:24:37,2026-07-04 08:53:37,FALSE_POSITIVE
BANK-A,BANK-A-ALT-00008,Policy Violation activity detected,Automated POLICY_VIOLATION alert on asset BANK-A-AST-0031,HIGH,POLICY_VIOLATION,NDR,BANK-A-AST-0031,2026-09-20 21:07:53,2026-09-20 21:33:53,2026-09-21 00:01:53,CLOSED
BANK-A,BANK-A-ALT-00009,Data Exfiltration activity detected,Automated DATA_EXFILTRATION alert on asset BANK-A-AST-0028,MEDIUM,DATA_EXFILTRATION,SIEM,BANK-A-AST-0028,2026-07-23 06:00:55,2026-07-23 06:16:55,2026-07-23 19:04:55,CLOSED
BANK-A,BANK-A-ALT-00010,Dos activity detected,Automated DoS alert on asset BANK-A-AST-0022,HIGH,DoS,SIEM,BANK-A-AST-0022,2026-08-11 18:20:47,2026-08-11 18:31:47,2026-08-11 22:36:47,FALSE_POSITIVE
BANK-A,BANK-A-ALT-00011,Phishing activity detected,Automated PHISHING alert on asset BANK-A-AST-0031,LOW,PHISHING,SIEM,BANK-A-AST-0031,2026-07-03 12:33:45,2026-07-03 12:35:45,2026-07-03 14:39:45,CLOSED
BANK-A,BANK-A-ALT-00012,Config Change activity detected,Automated CONFIG_CHANGE alert on asset BANK-A-AST-0052,LOW,CONFIG_CHANGE,WAF,BANK-A-AST-0052,2026-08-14 08:21:03,2026-08-14 08:36:03,2026-08-15 00:18:03,CLOSED
BANK-A,BANK-A-ALT-00013,Phishing activity detected,Automated PHISHING alert on asset BANK-A-AST-0041,LOW,PHISHING,WAF,BANK-A-AST-0041,2026-07-09 17:31:46,2026-07-09 17:43:46,2026-07-10 06:47:46,CLOSED
BANK-A,BANK-A-ALT-00014,Phishing activity detected,Automated PHISHING alert on asset BANK-A-AST-0039,LOW,PHISHING,WAF,BANK-A-AST-0039,2026-09-12 16:38:49,2026-09-12 17:03:49,2026-09-13 03:52:49,CLOSED
BANK-A,BANK-A-ALT-00015,Insider Threat activity detected,Automated INSIDER_THREAT alert on asset BANK-A-AST-0060,LOW,INSIDER_THREAT,WAF,BANK-A-AST-0060,2026-07-31 02:50:19,2026-07-31 03:19:19,2026-07-31 13:41:19,CLOSED
BANK-A,BANK-A-ALT-00016,Unauthorized Access activity detected,Automated UNAUTHORIZED_ACCESS alert on asset BANK-A-AST-0058,MEDIUM,UNAUTHORIZED_ACCESS,WAF,BANK-A-AST-0058,2026-07-20 21:07:31,2026-07-20 21:17:31,2026-07-21 08:38:31,FALSE_POSITIVE
BANK-A,BANK-A-ALT-00017,Malware activity detected,Automated MALWARE alert on asset BANK-A-AST-0008,MEDIUM,MALWARE,WAF,BANK-A-AST-0008,2026-08-21 07:16:14,2026-08-21 07:26:14,2026-08-22 05:56:14,FALSE_POSITIVE
BANK-A,BANK-A-ALT-00018,Phishing activity detected,Automated PHISHING alert on asset BANK-A-AST-0040,MEDIUM,PHISHING,NDR,BANK-A-AST-0040,2026-07-23 02:57:03,2026-07-23 03:14:03,2026-07-23 04:20:03,CLOSED
BANK-A,BANK-A-ALT-00019,Dos activity detected,Automated DoS alert on asset BANK-A-AST-0035,MEDIUM,DoS,WAF,BANK-A-AST-0035,2026-08-11 00:12:27,2026-08-11 00:27:27,2026-08-11 11:49:27,CLOSED
BANK-A,BANK-A-ALT-00020,Malware activity detected,Automated MALWARE alert on asset BANK-A-AST-0038,MEDIUM,MALWARE,EDR,BANK-A-AST-0038,2026-08-16 21:25:08,2026-08-16 21:48:08,2026-08-17 08:45:08,CLOSED
BANK-A,BANK-A-ALT-00021,Data Exfiltration activity detected,Automated DATA_EXFILTRATION alert on asset BANK-A-AST-0045,LOW,DATA_EXFILTRATION,WAF,BANK-A-AST-0045,2026-08-22 00:30:15,2026-08-22 00:37:15,2026-08-22 17:10:15,CLOSED
BANK-A,BANK-A-ALT-00022,Unauthorized Access activity detected,Automated UNAUTHORIZED_ACCESS alert on asset BANK-A-AST-0029,LOW,UNAUTHORIZED_ACCESS,EDR,BANK-A-AST-0029,2026-09-24 00:03:06,2026-09-24 00:26:06,2026-09-24 12:41:06,CLOSED
BANK-A,BANK-A-ALT-00023,Malware activity detected,Automated MALWARE alert on asset BANK-A-AST-0005,MEDIUM,MALWARE,WAF,BANK-A-AST-0005,2026-09-27 23:32:02,2026-09-27 23:44:02,2026-09-28 13:39:02,CLOSED
BANK-A,BANK-A-ALT-00024,Phishing activity detected,Automated PHISHING alert on asset BANK-A-AST-0004,MEDIUM,PHISHING,SIEM,BANK-A-AST-0004,2026-09-08 11:12:38,2026-09-08 11:26:38,2026-09-08 17:46:38,CLOSED
BANK-A,BANK-A-ALT-00025,Policy Violation activity detected,Automated POLICY_VIOLATION alert on asset BANK-A-AST-0048,MEDIUM,POLICY_VIOLATION,SIEM,BANK-A-AST-0048,2026-08-18 13:43:38,2026-08-18 14:13:38,2026-08-19 11:28:38,CLOSED
BANK-A,BANK-A-ALT-00026,Phishing activity detected,Automated PHISHING alert on asset BANK-A-AST-0045,HIGH,PHISHING,NDR,BANK-A-AST-0045,2026-07-27 09:49:50,2026-07-27 10:14:50,2026-07-27 11:57:50,FALSE_POSITIVE
BANK-A,BANK-A-ALT-00027,Phishing activity detected,Automated PHISHING alert on asset BANK-A-AST-0053,HIGH,PHISHING,NDR,BANK-A-AST-0053,2026-08-07 02:49:57,2026-08-07 02:55:57,2026-08-07 07:22:57,CLOSED
BANK-A,BANK-A-ALT-00028,Policy Violation activity detected,Automated POLICY_VIOLATION alert on asset BANK-A-AST-0013,MEDIUM,POLICY_VIOLATION,SIEM,BANK-A-AST-0013,2026-09-27 20:14:38,2026-09-27 20:36:38,2026-09-28 19:36:38,CLOSED
BANK-A,BANK-A-ALT-00029,Unauthorized Access activity detected,Automated UNAUTHORIZED_ACCESS alert on asset BANK-A-AST-0048,MEDIUM,UNAUTHORIZED_ACCESS,SIEM,BANK-A-AST-0048,2026-09-04 16:12:02,2026-09-04 16:42:02,2026-09-05 16:02:02,CLOSED
BANK-A,BANK-A-ALT-00030,Policy Violation activity detected,Automated POLICY_VIOLATION alert on asset BANK-A-AST-0032,LOW,POLICY_VIOLATION,NDR,BANK-A-AST-0032,2026-09-08 17:14:01,2026-09-08 17:39:01,2026-09-09 13:01:01,CLOSED
BANK-A,BANK-A-ALT-00031,Unauthorized Access activity detected,Automated UNAUTHORIZED_ACCESS alert on asset BANK-A-AST-0036,MEDIUM,UNAUTHORIZED_ACCESS,SIEM,BANK-A-AST-0036,2026-09-19 09:43:25,2026-09-19 09:50:25,2026-09-20 04:04:25,CLOSED
BANK-A,BANK-A-ALT-00032,Malware activity detected,Automated MALWARE alert on asset BANK-A-AST-0047,INFO,MALWARE,NDR,BANK-A-AST-0047,2026-09-01 22:00:16,2026-09-01 22:30:16,2026-09-02 10:12:16,FALSE_POSITIVE
BANK-A,BANK-A-ALT-00033,Insider Threat activity detected,Automated INSIDER_THREAT alert on asset BANK-A-AST-0009,CRITICAL,INSIDER_THREAT,EDR,BANK-A-AST-0009,2026-08-13 15:57:12,2026-08-13 16:06:12,2026-08-13 18:50:12,FALSE_POSITIVE
BANK-A,BANK-A-ALT-00034,Malware activity detected,Automated MALWARE alert on asset BANK-A-AST-0036,INFO,MALWARE,WAF,BANK-A-AST-0036,2026-07-03 17:48:32,2026-07-03 18:07:32,2026-07-04 12:59:32,CLOSED
BANK-A,BANK-A-ALT-00035,Dos activity detected,Automated DoS alert on asset BANK-A-AST-0010,LOW,DoS,WAF,BANK-A-AST-0010,2026-07-22 23:47:08,2026-07-23 00:08:08,2026-07-23 21:28:08,CLOSED
BANK-A,BANK-A-ALT-00036,Insider Threat activity detected,Automated INSIDER_THREAT alert on asset BANK-A-AST-0050,MEDIUM,INSIDER_THREAT,NDR,BANK-A-AST-0050,2026-09-09 04:48:20,2026-09-09 05:18:20,2026-09-09 08:21:20,FALSE_POSITIVE
BANK-A,BANK-A-ALT-00037,Insider Threat activity detected,Automated INSIDER_THREAT alert on asset BANK-A-AST-0036,INFO,INSIDER_THREAT,WAF,BANK-A-AST-0036,2026-07-08 14:18:20,2026-07-08 14:32:20,2026-07-08 20:01:20,CLOSED
BANK-A,BANK-A-ALT-00038,Unauthorized Access activity detected,Automated UNAUTHORIZED_ACCESS alert on asset BANK-A-AST-0022,HIGH,UNAUTHORIZED_ACCESS,NDR,BANK-A-AST-0022,2026-09-06 09:46:43,2026-09-06 10:07:43,2026-09-06 13:23:43,CLOSED
BANK-A,BANK-A-ALT-00039,Config Change activity detected,Automated CONFIG_CHANGE alert on asset BANK-A-AST-0027,INFO,CONFIG_CHANGE,SIEM,BANK-A-AST-0027,2026-07-09 02:38:21,2026-07-09 03:06:21,2026-07-09 23:55:21,CLOSED
BANK-A,BANK-A-ALT-00040,Dos activity detected,Automated DoS alert on asset BANK-A-AST-0016,HIGH,DoS,NDR,BANK-A-AST-0016,2026-09-08 10:46:30,2026-09-08 10:54:30,2026-09-08 14:16:30,CLOSED
BANK-A,BANK-A-ALT-00041,Config Change activity detected,Automated CONFIG_CHANGE alert on asset BANK-A-AST-0017,MEDIUM,CONFIG_CHANGE,NDR,BANK-A-AST-0017,2026-09-09 21:45:48,2026-09-09 22:14:48,2026-09-10 05:02:48,FALSE_POSITIVE
BANK-A,BANK-A-ALT-00042,Data Exfiltration activity detected,Automated DATA_EXFILTRATION alert on asset BANK-A-AST-0036,MEDIUM,DATA_EXFILTRATION,WAF,BANK-A-AST-0036,2026-07-20 05:49:01,2026-07-20 06:16:01,2026-07-20 10:28:01,CLOSED
BANK-A,BANK-A-ALT-00043,Config Change activity detected,Automated CONFIG_CHANGE alert on asset BANK-A-AST-0013,LOW,CONFIG_CHANGE,EDR,BANK-A-AST-0013,2026-07-28 16:04:11,2026-07-28 16:07:11,2026-07-29 15:18:11,CLOSED
BANK-A,BANK-A-ALT-00044,Dos activity detected,Automated DoS alert on asset BANK-A-AST-0010,LOW,DoS,EDR,BANK-A-AST-0010,2026-08-27 16:45:32,2026-08-27 17:13:32,2026-08-28 01:09:32,CLOSED
BANK-A,BANK-A-ALT-00045,Config Change activity detected,Automated CONFIG_CHANGE alert on asset BANK-A-AST-0012,HIGH,CONFIG_CHANGE,SIEM,BANK-A-AST-0012,2026-07-02 18:37:57,2026-07-02 18:58:57,2026-07-02 21:09:57,FALSE_POSITIVE
BANK-A,BANK-A-ALT-00046,Malware activity detected,Automated MALWARE alert on asset BANK-A-AST-0029,HIGH,MALWARE,EDR,BANK-A-AST-0029,2026-09-13 03:42:07,2026-09-13 03:51:07,2026-09-13 07:50:07,CLOSED
BANK-A,BANK-A-ALT-00047,Config Change activity detected,Automated CONFIG_CHANGE alert on asset BANK-A-AST-0005,MEDIUM,CONFIG_CHANGE,NDR,BANK-A-AST-0005,2026-07-31 06:42:37,2026-07-31 07:12:37,2026-07-31 22:27:37,CLOSED
BANK-A,BANK-A-ALT-00048,Insider Threat activity detected,Automated INSIDER_THREAT alert on asset BANK-A-AST-0032,MEDIUM,INSIDER_THREAT,NDR,BANK-A-AST-0032,2026-07-05 19:09:05,2026-07-05 19:13:05,2026-07-06 04:46:05,FALSE_POSITIVE
BANK-A,BANK-A-ALT-00049,Malware activity detected,Automated MALWARE alert on asset BANK-A-AST-0046,LOW,MALWARE,SIEM,BANK-A-AST-0046,2026-09-29 05:22:51,2026-09-29 05:51:51,2026-09-29 14:09:51,FALSE_POSITIVE
BANK-A,BANK-A-ALT-00050,Data Exfiltration activity detected,Automated DATA_EXFILTRATION alert on asset BANK-A-AST-0044,HIGH,DATA_EXFILTRATION,NDR,BANK-A-AST-0044,2026-07-25 21:00:07,2026-07-25 21:26:07,2026-07-25 23:58:07,CLOSED
BANK-A,BANK-A-ALT-00051,Data Exfiltration activity detected,Automated DATA_EXFILTRATION alert on asset BANK-A-AST-0047,LOW,DATA_EXFILTRATION,NDR,BANK-A-AST-0047,2026-09-16 19:58:34,2026-09-16 20:28:34,2026-09-17 13:22:34,CLOSED
BANK-A,BANK-A-ALT-00052,Data Exfiltration activity detected,Automated DATA_EXFILTRATION alert on asset BANK-A-AST-0023,CRITICAL,DATA_EXFILTRATION,NDR,BANK-A-AST-0023,2026-09-07 20:51:51,2026-09-07 21:09:51,2026-09-07 21:39:51,CLOSED
BANK-A,BANK-A-ALT-00053,Dos activity detected,Automated DoS alert on asset BANK-A-AST-0051,HIGH,DoS,NDR,BANK-A-AST-0051,2026-08-26 12:47:37,2026-08-26 13:16:37,2026-08-26 13:59:37,CLOSED
BANK-A,BANK-A-ALT-00054,Dos activity detected,Automated DoS alert on asset BANK-A-AST-0033,MEDIUM,DoS,SIEM,BANK-A-AST-0033,2026-09-17 11:17:12,2026-09-17 11:25:12,2026-09-18 00:41:12,CLOSED
BANK-A,BANK-A-ALT-00055,Policy Violation activity detected,Automated POLICY_VIOLATION alert on asset BANK-A-AST-0006,HIGH,POLICY_VIOLATION,WAF,BANK-A-AST-0006,2026-08-20 21:11:36,2026-08-20 21:14:36,2026-08-20 22:12:36,CLOSED
BANK-A,BANK-A-ALT-00056,Config Change activity detected,Automated CONFIG_CHANGE alert on asset BANK-A-AST-0055,MEDIUM,CONFIG_CHANGE,EDR,BANK-A-AST-0055,2026-07-01 03:19:04,2026-07-01 03:26:04,2026-07-01 06:23:04,FALSE_POSITIVE
BANK-A,BANK-A-ALT-00057,Insider Threat activity detected,Automated INSIDER_THREAT alert on asset BANK-A-AST-0042,HIGH,INSIDER_THREAT,SIEM,BANK-A-AST-0042,2026-09-06 09:22:29,2026-09-06 09:51:29,2026-09-06 10:21:29,CLOSED
BANK-A,BANK-A-ALT-00058,Phishing activity detected,Automated PHISHING alert on asset BANK-A-AST-0053,LOW,PHISHING,NDR,BANK-A-AST-0053,2026-07-24 20:52:37,2026-07-24 20:56:37,2026-07-25 12:10:37,FALSE_POSITIVE
BANK-A,BANK-A-ALT-00059,Policy Violation activity detected,Automated POLICY_VIOLATION alert on asset BANK-A-AST-0017,LOW,POLICY_VIOLATION,NDR,BANK-A-AST-0017,2026-09-22 23:21:51,2026-09-22 23:27:51,2026-09-23 10:45:51,CLOSED
BANK-A,BANK-A-ALT-00060,Policy Violation activity detected,Automated POLICY_VIOLATION alert on asset BANK-A-AST-0011,HIGH,POLICY_VIOLATION,WAF,BANK-A-AST-0011,2026-07-25 22:59:26,2026-07-25 23:18:26,2026-07-26 03:55:26,CLOSED
BANK-A,BANK-A-ALT-00061,Unauthorized Access activity detected,Automated UNAUTHORIZED_ACCESS alert on asset BANK-A-AST-0029,MEDIUM,UNAUTHORIZED_ACCESS,SIEM,BANK-A-AST-0029,2026-09-02 02:37:19,2026-09-02 02:55:19,2026-09-02 05:29:19,FALSE_POSITIVE
BANK-A,BANK-A-ALT-00062,Policy Violation activity detected,Automated POLICY_VIOLATION alert on asset BANK-A-AST-0042,HIGH,POLICY_VIOLATION,NDR,BANK-A-AST-0042,2026-08-27 16:58:39,2026-08-27 17:06:39,2026-08-27 21:29:39,FALSE_POSITIVE
BANK-A,BANK-A-ALT-00063,Config Change activity detected,Automated CONFIG_CHANGE alert on asset BANK-A-AST-0015,HIGH,CONFIG_CHANGE,WAF,BANK-A-AST-0015,2026-07-17 17:50:58,2026-07-17 18:04:58,2026-07-17 19:39:58,CLOSED
BANK-A,BANK-A-ALT-00064,Malware activity detected,Automated MALWARE alert on asset BANK-A-AST-0026,HIGH,MALWARE,EDR,BANK-A-AST-0026,2026-07-11 11:52:37,2026-07-11 12:01:37,2026-07-11 13:08:37,FALSE_POSITIVE
BANK-A,BANK-A-ALT-00065,Malware activity detected,Automated MALWARE alert on asset BANK-A-AST-0051,HIGH,MALWARE,SIEM,BANK-A-AST-0051,2026-09-28 01:59:16,2026-09-28 02:02:16,2026-09-28 04:36:16,FALSE_POSITIVE
BANK-A,BANK-A-ALT-00066,Config Change activity detected,Automated CONFIG_CHANGE alert on asset BANK-A-AST-0034,INFO,CONFIG_CHANGE,SIEM,BANK-A-AST-0034,2026-08-14 22:47:23,2026-08-14 22:59:23,2026-08-15 02:10:23,FALSE_POSITIVE
BANK-A,BANK-A-ALT-00067,Data Exfiltration activity detected,Automated DATA_EXFILTRATION alert on asset BANK-A-AST-0005,LOW,DATA_EXFILTRATION,SIEM,BANK-A-AST-0005,2026-07-01 15:20:28,2026-07-01 15:28:28,2026-07-02 04:55:28,CLOSED
BANK-A,BANK-A-ALT-00068,Data Exfiltration activity detected,Automated DATA_EXFILTRATION alert on asset BANK-A-AST-0047,MEDIUM,DATA_EXFILTRATION,WAF,BANK-A-AST-0047,2026-09-25 22:30:47,2026-09-25 22:53:47,2026-09-26 03:09:47,CLOSED
BANK-A,BANK-A-ALT-00069,Data Exfiltration activity detected,Automated DATA_EXFILTRATION alert on asset BANK-A-AST-0051,HIGH,DATA_EXFILTRATION,EDR,BANK-A-AST-0051,2026-08-10 19:01:45,2026-08-10 19:05:45,2026-08-10 23:50:45,CLOSED
BANK-A,BANK-A-ALT-00070,Data Exfiltration activity detected,Automated DATA_EXFILTRATION alert on asset BANK-A-AST-0010,MEDIUM,DATA_EXFILTRATION,WAF,BANK-A-AST-0010,2026-08-15 15:29:16,2026-08-15 15:38:16,2026-08-15 17:58:16,CLOSED
BANK-A,BANK-A-ALT-00071,Malware activity detected,Automated MALWARE alert on asset BANK-A-AST-0051,MEDIUM,MALWARE,WAF,BANK-A-AST-0051,2026-07-05 20:47:32,2026-07-05 21:16:32,2026-07-06 00:25:32,CLOSED
BANK-A,BANK-A-ALT-00072,Phishing activity detected,Automated PHISHING alert on asset BANK-A-AST-0036,LOW,PHISHING,NDR,BANK-A-AST-0036,2026-09-26 11:28:08,2026-09-26 11:48:08,2026-09-27 02:31:08,CLOSED
BANK-A,BANK-A-ALT-00073,Insider Threat activity detected,Automated INSIDER_THREAT alert on asset BANK-A-AST-0034,INFO,INSIDER_THREAT,NDR,BANK-A-AST-0034,2026-09-30 00:25:50,2026-09-30 00:38:50,2026-09-30 14:58:50,CLOSED
BANK-A,BANK-A-ALT-00074,Phishing activity detected,Automated PHISHING alert on asset BANK-A-AST-0015,MEDIUM,PHISHING,NDR,BANK-A-AST-0015,2026-09-06 01:29:54,2026-09-06 01:36:54,2026-09-06 05:12:54,CLOSED
BANK-A,BANK-A-ALT-00075,Phishing activity detected,Automated PHISHING alert on asset BANK-A-AST-0033,MEDIUM,PHISHING,NDR,BANK-A-AST-0033,2026-07-24 15:07:11,2026-07-24 15:29:11,2026-07-25 08:32:11,FALSE_POSITIVE
BANK-A,BANK-A-ALT-00076,Policy Violation activity detected,Automated POLICY_VIOLATION alert on asset BANK-A-AST-0025,HIGH,POLICY_VIOLATION,NDR,BANK-A-AST-0025,2026-09-15 11:33:32,2026-09-15 12:02:32,2026-09-15 14:28:32,CLOSED
BANK-A,BANK-A-ALT-00077,Unauthorized Access activity detected,Automated UNAUTHORIZED_ACCESS alert on asset BANK-A-AST-0005,INFO,UNAUTHORIZED_ACCESS,WAF,BANK-A-AST-0005,2026-09-30 15:29:21,2026-09-30 15:57:21,2026-09-30 22:09:21,CLOSED
BANK-A,BANK-A-ALT-00078,Dos activity detected,Automated DoS alert on asset BANK-A-AST-0015,HIGH,DoS,SIEM,BANK-A-AST-0015,2026-07-06 04:15:58,2026-07-06 04:29:58,2026-07-06 08:42:58,CLOSED
BANK-A,BANK-A-ALT-00079,Phishing activity detected,Automated PHISHING alert on asset BANK-A-AST-0015,CRITICAL,PHISHING,EDR,BANK-A-AST-0015,2026-07-20 05:42:54,2026-07-20 06:10:54,2026-07-20 08:08:54,CLOSED
BANK-A,BANK-A-ALT-00080,Policy Violation activity detected,Automated POLICY_VIOLATION alert on asset BANK-A-AST-0013,MEDIUM,POLICY_VIOLATION,WAF,BANK-A-AST-0013,2026-07-10 03:34:40,2026-07-10 03:40:40,2026-07-10 17:20:40,CLOSED
BANK-A,BANK-A-ALT-00081,Insider Threat activity detected,Automated INSIDER_THREAT alert on asset BANK-A-AST-0057,HIGH,INSIDER_THREAT,EDR,BANK-A-AST-0057,2026-07-14 17:22:29,2026-07-14 17:36:29,2026-07-14 21:05:29,CLOSED
BANK-A,BANK-A-ALT-00082,Unauthorized Access activity detected,Automated UNAUTHORIZED_ACCESS alert on asset BANK-A-AST-0009,LOW,UNAUTHORIZED_ACCESS,NDR,BANK-A-AST-0009,2026-07-23 00:21:18,2026-07-23 00:50:18,2026-07-24 00:01:18,CLOSED
BANK-A,BANK-A-ALT-00083,Dos activity detected,Automated DoS alert on asset BANK-A-AST-0050,MEDIUM,DoS,SIEM,BANK-A-AST-0050,2026-09-22 04:23:14,2026-09-22 04:35:14,2026-09-22 22:50:14,CLOSED
BANK-A,BANK-A-ALT-00084,Policy Violation activity detected,Automated POLICY_VIOLATION alert on asset BANK-A-AST-0056,CRITICAL,POLICY_VIOLATION,WAF,BANK-A-AST-0056,2026-07-23 01:26:11,2026-07-23 01:35:11,2026-07-23 02:25:11,CLOSED
BANK-A,BANK-A-ALT-00085,Malware activity detected,Automated MALWARE alert on asset BANK-A-AST-0026,HIGH,MALWARE,SIEM,BANK-A-AST-0026,2026-08-07 22:16:03,2026-08-07 22:17:03,2026-08-08 00:16:03,CLOSED
BANK-A,BANK-A-ALT-00086,Phishing activity detected,Automated PHISHING alert on asset BANK-A-AST-0052,LOW,PHISHING,SIEM,BANK-A-AST-0052,2026-09-17 17:21:04,2026-09-17 17:27:04,2026-09-18 09:34:04,CLOSED
BANK-A,BANK-A-ALT-00087,Phishing activity detected,Automated PHISHING alert on asset BANK-A-AST-0019,MEDIUM,PHISHING,NDR,BANK-A-AST-0019,2026-09-03 15:42:21,2026-09-03 15:43:21,2026-09-04 08:52:21,FALSE_POSITIVE
BANK-A,BANK-A-ALT-00088,Dos activity detected,Automated DoS alert on asset BANK-A-AST-0057,LOW,DoS,WAF,BANK-A-AST-0057,2026-07-17 05:38:29,2026-07-17 05:54:29,2026-07-17 15:42:29,CLOSED
BANK-A,BANK-A-ALT-00089,Data Exfiltration activity detected,Automated DATA_EXFILTRATION alert on asset BANK-A-AST-0056,HIGH,DATA_EXFILTRATION,NDR,BANK-A-AST-0056,2026-08-04 20:33:03,2026-08-04 20:56:03,2026-08-04 21:29:03,FALSE_POSITIVE
BANK-A,BANK-A-ALT-00090,Dos activity detected,Automated DoS alert on asset BANK-A-AST-0043,LOW,DoS,NDR,BANK-A-AST-0043,2026-08-13 04:01:00,2026-08-13 04:15:00,2026-08-13 20:39:00,CLOSED
BANK-A,BANK-A-ALT-00091,Data Exfiltration activity detected,Automated DATA_EXFILTRATION alert on asset BANK-A-AST-0038,HIGH,DATA_EXFILTRATION,NDR,BANK-A-AST-0038,2026-08-02 06:37:49,2026-08-02 06:52:49,2026-08-02 11:26:49,CLOSED
BANK-A,BANK-A-ALT-00092,Data Exfiltration activity detected,Automated DATA_EXFILTRATION alert on asset BANK-A-AST-0054,HIGH,DATA_EXFILTRATION,SIEM,BANK-A-AST-0054,2026-09-11 23:18:43,2026-09-11 23:30:43,2026-09-12 04:02:43,FALSE_POSITIVE
BANK-A,BANK-A-ALT-00093,Data Exfiltration activity detected,Automated DATA_EXFILTRATION alert on asset BANK-A-AST-0025,MEDIUM,DATA_EXFILTRATION,NDR,BANK-A-AST-0025,2026-08-14 05:19:03,2026-08-14 05:36:03,2026-08-14 07:20:03,CLOSED
BANK-A,BANK-A-ALT-00094,Phishing activity detected,Automated PHISHING alert on asset BANK-A-AST-0018,MEDIUM,PHISHING,NDR,BANK-A-AST-0018,2026-09-04 14:26:48,2026-09-04 14:49:48,2026-09-05 12:56:48,CLOSED
BANK-A,BANK-A-ALT-00095,Unauthorized Access activity detected,Automated UNAUTHORIZED_ACCESS alert on asset BANK-A-AST-0041,MEDIUM,UNAUTHORIZED_ACCESS,EDR,BANK-A-AST-0041,2026-07-15 08:46:58,2026-07-15 09:02:58,2026-07-15 14:09:58,FALSE_POSITIVE
BANK-A,BANK-A-ALT-00096,Unauthorized Access activity detected,Automated UNAUTHORIZED_ACCESS alert on asset BANK-A-AST-0032,LOW,UNAUTHORIZED_ACCESS,EDR,BANK-A-AST-0032,2026-08-09 18:04:05,2026-08-09 18:18:05,2026-08-10 06:04:05,CLOSED
BANK-A,BANK-A-ALT-00097,Dos activity detected,Automated DoS alert on asset BANK-A-AST-0055,HIGH,DoS,EDR,BANK-A-AST-0055,2026-08-31 04:19:59,2026-08-31 04:34:59,2026-08-31 06:48:59,CLOSED
BANK-A,BANK-A-ALT-00098,Phishing activity detected,Automated PHISHING alert on asset BANK-A-AST-0044,HIGH,PHISHING,WAF,BANK-A-AST-0044,2026-08-06 01:16:14,2026-08-06 01:23:14,2026-08-06 03:16:14,CLOSED
BANK-A,BANK-A-ALT-00099,Policy Violation activity detected,Automated POLICY_VIOLATION alert on asset BANK-A-AST-0059,HIGH,POLICY_VIOLATION,EDR,BANK-A-AST-0059,2026-08-18 16:01:29,2026-08-18 16:31:29,2026-08-18 19:54:29,CLOSED
BANK-A,BANK-A-ALT-00100,Malware activity detected,Automated MALWARE alert on asset BANK-A-AST-0040,LOW,MALWARE,WAF,BANK-A-AST-0040,2026-09-07 00:40:30,2026-09-07 00:59:30,2026-09-07 13:20:30,CLOSED
BANK-A,BANK-A-ALT-00101,Config Change activity detected,Automated CONFIG_CHANGE alert on asset BANK-A-AST-0051,LOW,CONFIG_CHANGE,WAF,BANK-A-AST-0051,2026-08-01 17:27:30,2026-08-01 17:43:30,2026-08-01 23:00:30,CLOSED
BANK-A,BANK-A-ALT-00102,Phishing activity detected,Automated PHISHING alert on asset BANK-A-AST-0054,MEDIUM,PHISHING,SIEM,BANK-A-AST-0054,2026-08-29 07:18:14,2026-08-29 07:35:14,2026-08-29 08:55:14,CLOSED
BANK-A,BANK-A-ALT-00103,Malware activity detected,Automated MALWARE alert on asset BANK-A-AST-0046,CRITICAL,MALWARE,NDR,BANK-A-AST-0046,2026-09-16 03:05:55,2026-09-16 03:16:55,2026-09-16 03:52:55,CLOSED
BANK-A,BANK-A-ALT-00104,Malware activity detected,Automated MALWARE alert on asset BANK-A-AST-0055,LOW,MALWARE,SIEM,BANK-A-AST-0055,2026-08-12 12:09:31,2026-08-12 12:25:31,2026-08-13 05:17:31,CLOSED
BANK-A,BANK-A-ALT-00105,Phishing activity detected,Automated PHISHING alert on asset BANK-A-AST-0052,LOW,PHISHING,NDR,BANK-A-AST-0052,2026-09-12 16:21:36,2026-09-12 16:49:36,2026-09-12 20:15:36,FALSE_POSITIVE
BANK-A,BANK-A-ALT-00106,Unauthorized Access activity detected,Automated UNAUTHORIZED_ACCESS alert on asset BANK-A-AST-0029,LOW,UNAUTHORIZED_ACCESS,WAF,BANK-A-AST-0029,2026-07-27 18:09:40,2026-07-27 18:32:40,2026-07-27 23:06:40,FALSE_POSITIVE
BANK-A,BANK-A-ALT-00107,Dos activity detected,Automated DoS alert on asset BANK-A-AST-0034,CRITICAL,DoS,EDR,BANK-A-AST-0034,2026-07-01 21:54:40,2026-07-01 22:04:40,2026-07-01 23:47:40,CLOSED
BANK-A,BANK-A-ALT-00108,Phishing activity detected,Automated PHISHING alert on asset BANK-A-AST-0042,MEDIUM,PHISHING,NDR,BANK-A-AST-0042,2026-08-19 02:05:54,2026-08-19 02:14:54,2026-08-19 18:42:54,CLOSED
BANK-A,BANK-A-ALT-00109,Data Exfiltration activity detected,Automated DATA_EXFILTRATION alert on asset BANK-A-AST-0034,LOW,DATA_EXFILTRATION,SIEM,BANK-A-AST-0034,2026-07-15 16:06:27,2026-07-15 16:26:27,2026-07-16 12:10:27,FALSE_POSITIVE
BANK-A,BANK-A-ALT-00110,Policy Violation activity detected,Automated POLICY_VIOLATION alert on asset BANK-A-AST-0042,LOW,POLICY_VIOLATION,NDR,BANK-A-AST-0042,2026-09-26 21:14:52,2026-09-26 21:40:52,2026-09-27 15:52:52,CLOSED
BANK-A,BANK-A-ALT-00111,Policy Violation activity detected,Automated POLICY_VIOLATION alert on asset BANK-A-AST-0030,MEDIUM,POLICY_VIOLATION,EDR,BANK-A-AST-0030,2026-07-30 22:16:34,2026-07-30 22:25:34,2026-07-31 11:43:34,CLOSED
BANK-A,BANK-A-ALT-00112,Insider Threat activity detected,Automated INSIDER_THREAT alert on asset BANK-A-AST-0054,HIGH,INSIDER_THREAT,EDR,BANK-A-AST-0054,2026-08-03 10:23:37,2026-08-03 10:31:37,2026-08-03 13:00:37,CLOSED
BANK-A,BANK-A-ALT-00113,Insider Threat activity detected,Automated INSIDER_THREAT alert on asset BANK-A-AST-0041,MEDIUM,INSIDER_THREAT,NDR,BANK-A-AST-0041,2026-09-10 08:52:30,2026-09-10 09:17:30,2026-09-10 19:17:30,FALSE_POSITIVE
BANK-A,BANK-A-ALT-00114,Phishing activity detected,Automated PHISHING alert on asset BANK-A-AST-0050,HIGH,PHISHING,WAF,BANK-A-AST-0050,2026-07-08 09:08:44,2026-07-08 09:16:44,2026-07-08 12:56:44,CLOSED
BANK-A,BANK-A-ALT-00115,Unauthorized Access activity detected,Automated UNAUTHORIZED_ACCESS alert on asset BANK-A-AST-0056,INFO,UNAUTHORIZED_ACCESS,NDR,BANK-A-AST-0056,2026-08-03 13:33:20,2026-08-03 14:01:20,2026-08-04 11:47:20,CLOSED
BANK-A,BANK-A-ALT-00116,Config Change activity detected,Automated CONFIG_CHANGE alert on asset BANK-A-AST-0005,HIGH,CONFIG_CHANGE,SIEM,BANK-A-AST-0005,2026-07-26 13:46:32,2026-07-26 13:53:32,2026-07-26 18:32:32,CLOSED
BANK-A,BANK-A-ALT-00117,Data Exfiltration activity detected,Automated DATA_EXFILTRATION alert on asset BANK-A-AST-0004,MEDIUM,DATA_EXFILTRATION,EDR,BANK-A-AST-0004,2026-08-28 17:52:06,2026-08-28 18:06:06,2026-08-29 10:05:06,FALSE_POSITIVE
BANK-A,BANK-A-ALT-00118,Unauthorized Access activity detected,Automated UNAUTHORIZED_ACCESS alert on asset BANK-A-AST-0012,MEDIUM,UNAUTHORIZED_ACCESS,NDR,BANK-A-AST-0012,2026-09-18 23:42:27,2026-09-18 23:52:27,2026-09-19 18:32:27,CLOSED
BANK-A,BANK-A-ALT-00119,Dos activity detected,Automated DoS alert on asset BANK-A-AST-0012,INFO,DoS,NDR,BANK-A-AST-0012,2026-07-04 08:38:50,2026-07-04 08:39:50,2026-07-04 17:58:50,CLOSED
BANK-A,BANK-A-ALT-00120,Config Change activity detected,Automated CONFIG_CHANGE alert on asset BANK-A-AST-0026,LOW,CONFIG_CHANGE,WAF,BANK-A-AST-0026,2026-08-14 19:34:53,2026-08-14 19:41:53,2026-08-15 10:15:53,FALSE_POSITIVE
BANK-A,BANK-A-ALT-00121,Malware activity detected,Automated MALWARE alert on asset BANK-A-AST-0018,MEDIUM,MALWARE,NDR,BANK-A-AST-0018,2026-07-04 07:24:36,2026-07-04 07:28:36,2026-07-04 09:46:36,CLOSED
BANK-A,BANK-A-ALT-00122,Policy Violation activity detected,Automated POLICY_VIOLATION alert on asset BANK-A-AST-0048,LOW,POLICY_VIOLATION,SIEM,BANK-A-AST-0048,2026-08-17 23:31:19,2026-08-17 23:56:19,2026-08-18 04:38:19,CLOSED
BANK-A,BANK-A-ALT-00123,Unauthorized Access activity detected,Automated UNAUTHORIZED_ACCESS alert on asset BANK-A-AST-0018,CRITICAL,UNAUTHORIZED_ACCESS,NDR,BANK-A-AST-0018,2026-09-04 12:41:47,2026-09-04 13:06:47,2026-09-04 13:24:47,CLOSED
BANK-A,BANK-A-ALT-00124,Data Exfiltration activity detected,Automated DATA_EXFILTRATION alert on asset BANK-A-AST-0046,INFO,DATA_EXFILTRATION,EDR,BANK-A-AST-0046,2026-08-08 16:22:54,2026-08-08 16:35:54,2026-08-09 04:04:54,CLOSED
BANK-A,BANK-A-ALT-00125,Policy Violation activity detected,Automated POLICY_VIOLATION alert on asset BANK-A-AST-0027,LOW,POLICY_VIOLATION,WAF,BANK-A-AST-0027,2026-08-24 19:48:14,2026-08-24 20:03:14,2026-08-25 16:57:14,CLOSED
BANK-A,BANK-A-ALT-00126,Dos activity detected,Automated DoS alert on asset BANK-A-AST-0031,MEDIUM,DoS,NDR,BANK-A-AST-0031,2026-08-10 23:37:23,2026-08-10 23:59:23,2026-08-11 02:34:23,CLOSED
BANK-A,BANK-A-ALT-00127,Dos activity detected,Automated DoS alert on asset BANK-A-AST-0033,MEDIUM,DoS,WAF,BANK-A-AST-0033,2026-07-16 03:30:04,2026-07-16 03:46:04,2026-07-16 04:33:04,FALSE_POSITIVE
BANK-A,BANK-A-ALT-00128,Config Change activity detected,Automated CONFIG_CHANGE alert on asset BANK-A-AST-0017,MEDIUM,CONFIG_CHANGE,WAF,BANK-A-AST-0017,2026-08-02 11:04:13,2026-08-02 11:16:13,2026-08-03 00:23:13,CLOSED
BANK-A,BANK-A-ALT-00129,Dos activity detected,Automated DoS alert on asset BANK-A-AST-0019,INFO,DoS,WAF,BANK-A-AST-0019,2026-08-20 23:26:08,2026-08-20 23:43:08,2026-08-21 16:19:08,CLOSED
BANK-A,BANK-A-ALT-00130,Data Exfiltration activity detected,Automated DATA_EXFILTRATION alert on asset BANK-A-AST-0001,MEDIUM,DATA_EXFILTRATION,WAF,BANK-A-AST-0001,2026-09-21 18:50:40,2026-09-21 19:09:40,2026-09-22 18:25:40,CLOSED
BANK-A,BANK-A-ALT-00131,Config Change activity detected,Automated CONFIG_CHANGE alert on asset BANK-A-AST-0004,INFO,CONFIG_CHANGE,EDR,BANK-A-AST-0004,2026-08-04 11:31:12,2026-08-04 11:45:12,2026-08-04 14:48:12,CLOSED
BANK-A,BANK-A-ALT-00132,Data Exfiltration activity detected,Automated DATA_EXFILTRATION alert on asset BANK-A-AST-0055,MEDIUM,DATA_EXFILTRATION,SIEM,BANK-A-AST-0055,2026-08-26 18:17:13,2026-08-26 18:35:13,2026-08-26 19:22:13,CLOSED
BANK-A,BANK-A-ALT-00133,Insider Threat activity detected,Automated INSIDER_THREAT alert on asset BANK-A-AST-0020,LOW,INSIDER_THREAT,SIEM,BANK-A-AST-0020,2026-08-20 12:33:16,2026-08-20 12:49:16,2026-08-21 11:39:16,FALSE_POSITIVE
BANK-A,BANK-A-ALT-00134,Data Exfiltration activity detected,Automated DATA_EXFILTRATION alert on asset BANK-A-AST-0059,INFO,DATA_EXFILTRATION,NDR,BANK-A-AST-0059,2026-07-31 16:43:32,2026-07-31 17:03:32,2026-08-01 14:16:32,FALSE_POSITIVE
BANK-A,BANK-A-ALT-00135,Phishing activity detected,Automated PHISHING alert on asset BANK-A-AST-0039,MEDIUM,PHISHING,WAF,BANK-A-AST-0039,2026-08-18 08:38:46,2026-08-18 08:43:46,2026-08-19 06:02:46,FALSE_POSITIVE
BANK-A,BANK-A-ALT-00136,Phishing activity detected,Automated PHISHING alert on asset BANK-A-AST-0058,LOW,PHISHING,EDR,BANK-A-AST-0058,2026-09-25 11:31:24,2026-09-25 11:55:24,2026-09-25 15:50:24,FALSE_POSITIVE
BANK-A,BANK-A-ALT-00137,Phishing activity detected,Automated PHISHING alert on asset BANK-A-AST-0018,LOW,PHISHING,WAF,BANK-A-AST-0018,2026-07-23 07:38:50,2026-07-23 08:01:50,2026-07-23 10:21:50,CLOSED
BANK-A,BANK-A-ALT-00138,Dos activity detected,Automated DoS alert on asset BANK-A-AST-0058,HIGH,DoS,NDR,BANK-A-AST-0058,2026-07-23 17:14:47,2026-07-23 17:41:47,2026-07-23 18:09:47,CLOSED
BANK-A,BANK-A-ALT-00139,Policy Violation activity detected,Automated POLICY_VIOLATION alert on asset BANK-A-AST-0044,MEDIUM,POLICY_VIOLATION,WAF,BANK-A-AST-0044,2026-09-22 05:40:05,2026-09-22 05:57:05,2026-09-22 17:00:05,FALSE_POSITIVE
BANK-A,BANK-A-ALT-00140,Phishing activity detected,Automated PHISHING alert on asset BANK-A-AST-0040,MEDIUM,PHISHING,SIEM,BANK-A-AST-0040,2026-08-23 21:30:19,2026-08-23 21:34:19,2026-08-24 13:08:19,FALSE_POSITIVE
BANK-A,BANK-A-ALT-00141,Insider Threat activity detected,Automated INSIDER_THREAT alert on asset BANK-A-AST-0060,LOW,INSIDER_THREAT,EDR,BANK-A-AST-0060,2026-07-10 10:36:14,2026-07-10 10:49:14,2026-07-10 20:48:14,CLOSED
BANK-A,BANK-A-ALT-00142,Data Exfiltration activity detected,Automated DATA_EXFILTRATION alert on asset BANK-A-AST-0011,MEDIUM,DATA_EXFILTRATION,WAF,BANK-A-AST-0011,2026-07-31 17:11:21,2026-07-31 17:33:21,2026-08-01 13:37:21,CLOSED
BANK-A,BANK-A-ALT-00143,Data Exfiltration activity detected,Automated DATA_EXFILTRATION alert on asset BANK-A-AST-0012,MEDIUM,DATA_EXFILTRATION,SIEM,BANK-A-AST-0012,2026-09-22 13:52:07,2026-09-22 14:10:07,2026-09-22 21:08:07,CLOSED
BANK-A,BANK-A-ALT-00144,Data Exfiltration activity detected,Automated DATA_EXFILTRATION alert on asset BANK-A-AST-0032,MEDIUM,DATA_EXFILTRATION,SIEM,BANK-A-AST-0032,2026-08-25 00:18:43,2026-08-25 00:28:43,2026-08-25 12:38:43,CLOSED
BANK-A,BANK-A-ALT-00145,Phishing activity detected,Automated PHISHING alert on asset BANK-A-AST-0049,LOW,PHISHING,EDR,BANK-A-AST-0049,2026-09-12 13:54:08,2026-09-12 14:16:08,2026-09-13 02:19:08,CLOSED
BANK-A,BANK-A-ALT-00146,Insider Threat activity detected,Automated INSIDER_THREAT alert on asset BANK-A-AST-0023,INFO,INSIDER_THREAT,NDR,BANK-A-AST-0023,2026-07-22 15:49:13,2026-07-22 15:56:13,2026-07-22 23:10:13,CLOSED
BANK-A,BANK-A-ALT-00147,Malware activity detected,Automated MALWARE alert on asset BANK-A-AST-0014,MEDIUM,MALWARE,NDR,BANK-A-AST-0014,2026-07-13 01:49:28,2026-07-13 01:58:28,2026-07-13 09:18:28,CLOSED
BANK-A,BANK-A-ALT-00148,Unauthorized Access activity detected,Automated UNAUTHORIZED_ACCESS alert on asset BANK-A-AST-0019,HIGH,UNAUTHORIZED_ACCESS,EDR,BANK-A-AST-0019,2026-08-21 17:26:57,2026-08-21 17:55:57,2026-08-21 22:17:57,CLOSED
BANK-A,BANK-A-ALT-00149,Unauthorized Access activity detected,Automated UNAUTHORIZED_ACCESS alert on asset BANK-A-AST-0059,INFO,UNAUTHORIZED_ACCESS,NDR,BANK-A-AST-0059,2026-08-01 20:44:55,2026-08-01 21:02:55,2026-08-02 03:19:55,FALSE_POSITIVE
BANK-A,BANK-A-ALT-00150,Dos activity detected,Automated DoS alert on asset BANK-A-AST-0027,MEDIUM,DoS,EDR,BANK-A-AST-0027,2026-08-10 14:03:22,2026-08-10 14:16:22,2026-08-11 02:56:22,CLOSED
BANK-A,BANK-A-ALT-00151,Config Change activity detected,Automated CONFIG_CHANGE alert on asset BANK-A-AST-0007,INFO,CONFIG_CHANGE,WAF,BANK-A-AST-0007,2026-08-03 22:23:29,2026-08-03 22:51:29,2026-08-04 08:50:29,CLOSED
BANK-A,BANK-A-ALT-00152,Insider Threat activity detected,Automated INSIDER_THREAT alert on asset BANK-A-AST-0046,MEDIUM,INSIDER_THREAT,WAF,BANK-A-AST-0046,2026-09-02 14:29:47,2026-09-02 14:54:47,2026-09-03 06:29:47,CLOSED
BANK-A,BANK-A-ALT-00153,Dos activity detected,Automated DoS alert on asset BANK-A-AST-0037,MEDIUM,DoS,EDR,BANK-A-AST-0037,2026-08-03 08:52:14,2026-08-03 09:17:14,2026-08-04 03:25:14,FALSE_POSITIVE
BANK-A,BANK-A-ALT-00154,Data Exfiltration activity detected,Automated DATA_EXFILTRATION alert on asset BANK-A-AST-0059,HIGH,DATA_EXFILTRATION,SIEM,BANK-A-AST-0059,2026-08-31 07:22:42,2026-08-31 07:33:42,2026-08-31 10:42:42,CLOSED
BANK-A,BANK-A-ALT-00155,Policy Violation activity detected,Automated POLICY_VIOLATION alert on asset BANK-A-AST-0053,LOW,POLICY_VIOLATION,WAF,BANK-A-AST-0053,2026-08-19 22:06:51,2026-08-19 22:27:51,2026-08-20 12:23:51,FALSE_POSITIVE
BANK-A,BANK-A-ALT-00156,Config Change activity detected,Automated CONFIG_CHANGE alert on asset BANK-A-AST-0021,INFO,CONFIG_CHANGE,EDR,BANK-A-AST-0021,2026-08-06 15:14:01,2026-08-06 15:38:01,2026-08-06 18:50:01,CLOSED
BANK-A,BANK-A-ALT-00157,Phishing activity detected,Automated PHISHING alert on asset BANK-A-AST-0055,CRITICAL,PHISHING,SIEM,BANK-A-AST-0055,2026-09-25 00:34:56,2026-09-25 00:51:56,2026-09-25 02:52:56,FALSE_POSITIVE
BANK-A,BANK-A-ALT-00158,Config Change activity detected,Automated CONFIG_CHANGE alert on asset BANK-A-AST-0041,MEDIUM,CONFIG_CHANGE,WAF,BANK-A-AST-0041,2026-07-04 01:47:07,2026-07-04 01:50:07,2026-07-04 13:15:07,FALSE_POSITIVE
BANK-A,BANK-A-ALT-00159,Data Exfiltration activity detected,Automated DATA_EXFILTRATION alert on asset BANK-A-AST-0001,MEDIUM,DATA_EXFILTRATION,EDR,BANK-A-AST-0001,2026-08-27 07:01:15,2026-08-27 07:22:15,2026-08-28 03:05:15,CLOSED
BANK-A,BANK-A-ALT-00160,Dos activity detected,Automated DoS alert on asset BANK-A-AST-0049,MEDIUM,DoS,SIEM,BANK-A-AST-0049,2026-08-07 09:30:57,2026-08-07 09:36:57,2026-08-07 11:39:57,CLOSED
BANK-A,BANK-A-ALT-00161,Insider Threat activity detected,Automated INSIDER_THREAT alert on asset BANK-A-AST-0045,HIGH,INSIDER_THREAT,NDR,BANK-A-AST-0045,2026-07-09 13:05:00,2026-07-09 13:16:00,2026-07-09 15:07:00,CLOSED
BANK-A,BANK-A-ALT-00162,Phishing activity detected,Automated PHISHING alert on asset BANK-A-AST-0028,MEDIUM,PHISHING,WAF,BANK-A-AST-0028,2026-07-02 05:36:56,2026-07-02 05:46:56,2026-07-02 18:39:56,CLOSED
BANK-A,BANK-A-ALT-00163,Data Exfiltration activity detected,Automated DATA_EXFILTRATION alert on asset BANK-A-AST-0054,HIGH,DATA_EXFILTRATION,NDR,BANK-A-AST-0054,2026-08-21 16:08:10,2026-08-21 16:32:10,2026-08-21 19:28:10,CLOSED
BANK-A,BANK-A-ALT-00164,Malware activity detected,Automated MALWARE alert on asset BANK-A-AST-0052,LOW,MALWARE,SIEM,BANK-A-AST-0052,2026-08-25 04:39:17,2026-08-25 05:05:17,2026-08-25 21:16:17,CLOSED
BANK-A,BANK-A-ALT-00165,Dos activity detected,Automated DoS alert on asset BANK-A-AST-0040,LOW,DoS,WAF,BANK-A-AST-0040,2026-07-22 10:29:42,2026-07-22 10:41:42,2026-07-23 06:43:42,CLOSED
BANK-A,BANK-A-ALT-00166,Phishing activity detected,Automated PHISHING alert on asset BANK-A-AST-0008,HIGH,PHISHING,WAF,BANK-A-AST-0008,2026-08-22 12:34:20,2026-08-22 12:46:20,2026-08-22 17:31:20,CLOSED
BANK-A,BANK-A-ALT-00167,Unauthorized Access activity detected,Automated UNAUTHORIZED_ACCESS alert on asset BANK-A-AST-0044,MEDIUM,UNAUTHORIZED_ACCESS,EDR,BANK-A-AST-0044,2026-07-01 17:13:52,2026-07-01 17:22:52,2026-07-02 00:29:52,CLOSED
BANK-A,BANK-A-ALT-00168,Policy Violation activity detected,Automated POLICY_VIOLATION alert on asset BANK-A-AST-0004,INFO,POLICY_VIOLATION,EDR,BANK-A-AST-0004,2026-09-14 01:53:58,2026-09-14 01:58:58,2026-09-14 19:24:58,FALSE_POSITIVE
BANK-A,BANK-A-ALT-00169,Insider Threat activity detected,Automated INSIDER_THREAT alert on asset BANK-A-AST-0042,MEDIUM,INSIDER_THREAT,NDR,BANK-A-AST-0042,2026-08-28 11:49:24,2026-08-28 11:54:24,2026-08-29 01:48:24,CLOSED
BANK-A,BANK-A-ALT-00170,Policy Violation activity detected,Automated POLICY_VIOLATION alert on asset BANK-A-AST-0015,MEDIUM,POLICY_VIOLATION,EDR,BANK-A-AST-0015,2026-07-12 21:20:45,2026-07-12 21:41:45,2026-07-13 01:15:45,CLOSED
BANK-A,BANK-A-ALT-00171,Malware activity detected,Automated MALWARE alert on asset BANK-A-AST-0003,HIGH,MALWARE,WAF,BANK-A-AST-0003,2026-09-13 15:20:52,2026-09-13 15:30:52,2026-09-13 19:56:52,CLOSED
BANK-A,BANK-A-ALT-00172,Malware activity detected,Automated MALWARE alert on asset BANK-A-AST-0040,HIGH,MALWARE,NDR,BANK-A-AST-0040,2026-09-26 06:27:44,2026-09-26 06:51:44,2026-09-26 10:53:44,CLOSED
BANK-A,BANK-A-ALT-00173,Phishing activity detected,Automated PHISHING alert on asset BANK-A-AST-0003,MEDIUM,PHISHING,EDR,BANK-A-AST-0003,2026-09-20 15:27:22,2026-09-20 15:36:22,2026-09-20 20:58:22,CLOSED
BANK-A,BANK-A-ALT-00174,Dos activity detected,Automated DoS alert on asset BANK-A-AST-0031,INFO,DoS,SIEM,BANK-A-AST-0031,2026-07-10 21:28:03,2026-07-10 21:51:03,2026-07-11 04:34:03,CLOSED
BANK-A,BANK-A-ALT-00175,Unauthorized Access activity detected,Automated UNAUTHORIZED_ACCESS alert on asset BANK-A-AST-0052,MEDIUM,UNAUTHORIZED_ACCESS,EDR,BANK-A-AST-0052,2026-08-15 00:11:17,2026-08-15 00:17:17,2026-08-15 21:51:17,CLOSED
BANK-A,BANK-A-ALT-00176,Phishing activity detected,Automated PHISHING alert on asset BANK-A-AST-0037,LOW,PHISHING,NDR,BANK-A-AST-0037,2026-07-26 10:30:39,2026-07-26 10:51:39,2026-07-26 15:33:39,CLOSED
BANK-A,BANK-A-ALT-00177,Data Exfiltration activity detected,Automated DATA_EXFILTRATION alert on asset BANK-A-AST-0056,HIGH,DATA_EXFILTRATION,EDR,BANK-A-AST-0056,2026-07-31 01:13:45,2026-07-31 01:37:45,2026-07-31 02:51:45,CLOSED
BANK-A,BANK-A-ALT-00178,Config Change activity detected,Automated CONFIG_CHANGE alert on asset BANK-A-AST-0042,LOW,CONFIG_CHANGE,WAF,BANK-A-AST-0042,2026-08-05 14:01:38,2026-08-05 14:29:38,2026-08-05 19:33:38,CLOSED
BANK-A,BANK-A-ALT-00179,Config Change activity detected,Automated CONFIG_CHANGE alert on asset BANK-A-AST-0028,CRITICAL,CONFIG_CHANGE,EDR,BANK-A-AST-0028,2026-07-21 00:43:35,2026-07-21 00:47:35,2026-07-21 01:35:35,CLOSED
BANK-A,BANK-A-ALT-00180,Policy Violation activity detected,Automated POLICY_VIOLATION alert on asset BANK-A-AST-0006,MEDIUM,POLICY_VIOLATION,SIEM,BANK-A-AST-0006,2026-09-23 07:43:46,2026-09-23 07:57:46,2026-09-23 20:33:46,CLOSED
BANK-A,BANK-A-ALT-00181,Malware activity detected,Automated MALWARE alert on asset BANK-A-AST-0054,MEDIUM,MALWARE,NDR,BANK-A-AST-0054,2026-09-03 06:16:50,2026-09-03 06:18:50,2026-09-03 12:35:50,CLOSED
BANK-A,BANK-A-ALT-00182,Data Exfiltration activity detected,Automated DATA_EXFILTRATION alert on asset BANK-A-AST-0029,HIGH,DATA_EXFILTRATION,SIEM,BANK-A-AST-0029,2026-07-30 13:06:08,2026-07-30 13:17:08,2026-07-30 14:55:08,CLOSED
BANK-A,BANK-A-ALT-00183,Insider Threat activity detected,Automated INSIDER_THREAT alert on asset BANK-A-AST-0002,HIGH,INSIDER_THREAT,NDR,BANK-A-AST-0002,2026-09-08 23:03:59,2026-09-08 23:23:59,2026-09-09 01:52:59,CLOSED
BANK-A,BANK-A-ALT-00184,Config Change activity detected,Automated CONFIG_CHANGE alert on asset BANK-A-AST-0036,HIGH,CONFIG_CHANGE,NDR,BANK-A-AST-0036,2026-07-18 05:09:44,2026-07-18 05:20:44,2026-07-18 07:23:44,FALSE_POSITIVE
BANK-A,BANK-A-ALT-00185,Config Change activity detected,Automated CONFIG_CHANGE alert on asset BANK-A-AST-0033,MEDIUM,CONFIG_CHANGE,NDR,BANK-A-AST-0033,2026-08-20 21:46:58,2026-08-20 22:02:58,2026-08-21 03:48:58,CLOSED
BANK-A,BANK-A-ALT-00186,Malware activity detected,Automated MALWARE alert on asset BANK-A-AST-0019,MEDIUM,MALWARE,WAF,BANK-A-AST-0019,2026-07-06 22:07:32,2026-07-06 22:15:32,2026-07-07 14:21:32,CLOSED
BANK-A,BANK-A-ALT-00187,Config Change activity detected,Automated CONFIG_CHANGE alert on asset BANK-A-AST-0036,LOW,CONFIG_CHANGE,NDR,BANK-A-AST-0036,2026-09-19 17:20:53,2026-09-19 17:47:53,2026-09-19 19:57:53,CLOSED
BANK-A,BANK-A-ALT-00188,Malware activity detected,Automated MALWARE alert on asset BANK-A-AST-0028,LOW,MALWARE,WAF,BANK-A-AST-0028,2026-09-26 17:26:42,2026-09-26 17:30:42,2026-09-27 07:45:42,FALSE_POSITIVE
BANK-A,BANK-A-ALT-00189,Phishing activity detected,Automated PHISHING alert on asset BANK-A-AST-0043,MEDIUM,PHISHING,EDR,BANK-A-AST-0043,2026-07-18 15:05:55,2026-07-18 15:08:55,2026-07-19 05:51:55,CLOSED
BANK-A,BANK-A-ALT-00190,Unauthorized Access activity detected,Automated UNAUTHORIZED_ACCESS alert on asset BANK-A-AST-0025,MEDIUM,UNAUTHORIZED_ACCESS,SIEM,BANK-A-AST-0025,2026-08-01 16:56:43,2026-08-01 17:22:43,2026-08-02 14:00:43,CLOSED
BANK-A,BANK-A-ALT-00191,Data Exfiltration activity detected,Automated DATA_EXFILTRATION alert on asset BANK-A-AST-0023,LOW,DATA_EXFILTRATION,NDR,BANK-A-AST-0023,2026-08-03 07:27:29,2026-08-03 07:37:29,2026-08-03 23:39:29,CLOSED
BANK-A,BANK-A-ALT-00192,Phishing activity detected,Automated PHISHING alert on asset BANK-A-AST-0018,MEDIUM,PHISHING,WAF,BANK-A-AST-0018,2026-09-23 19:32:50,2026-09-23 19:34:50,2026-09-24 17:16:50,CLOSED
BANK-A,BANK-A-ALT-00193,Insider Threat activity detected,Automated INSIDER_THREAT alert on asset BANK-A-AST-0017,HIGH,INSIDER_THREAT,NDR,BANK-A-AST-0017,2026-07-22 17:34:05,2026-07-22 18:02:05,2026-07-22 20:10:05,FALSE_POSITIVE
BANK-A,BANK-A-ALT-00194,Config Change activity detected,Automated CONFIG_CHANGE alert on asset BANK-A-AST-0035,HIGH,CONFIG_CHANGE,WAF,BANK-A-AST-0035,2026-07-27 01:23:04,2026-07-27 01:51:04,2026-07-27 05:51:04,FALSE_POSITIVE
BANK-A,BANK-A-ALT-00195,Policy Violation activity detected,Automated POLICY_VIOLATION alert on asset BANK-A-AST-0049,LOW,POLICY_VIOLATION,WAF,BANK-A-AST-0049,2026-08-09 01:20:59,2026-08-09 01:33:59,2026-08-09 14:34:59,CLOSED
BANK-A,BANK-A-ALT-00196,Insider Threat activity detected,Automated INSIDER_THREAT alert on asset BANK-A-AST-0008,INFO,INSIDER_THREAT,NDR,BANK-A-AST-0008,2026-09-07 16:37:11,2026-09-07 17:06:11,2026-09-08 00:28:11,CLOSED
BANK-A,BANK-A-ALT-00197,Policy Violation activity detected,Automated POLICY_VIOLATION alert on asset BANK-A-AST-0057,INFO,POLICY_VIOLATION,EDR,BANK-A-AST-0057,2026-08-14 10:39:32,2026-08-14 11:02:32,2026-08-14 11:41:32,CLOSED
BANK-A,BANK-A-ALT-00198,Unauthorized Access activity detected,Automated UNAUTHORIZED_ACCESS alert on asset BANK-A-AST-0001,LOW,UNAUTHORIZED_ACCESS,SIEM,BANK-A-AST-0001,2026-09-23 12:43:13,2026-09-23 13:08:13,2026-09-24 03:49:13,FALSE_POSITIVE
BANK-A,BANK-A-ALT-00199,Policy Violation activity detected,Automated POLICY_VIOLATION alert on asset BANK-A-AST-0009,LOW,POLICY_VIOLATION,SIEM,BANK-A-AST-0009,2026-08-03 03:01:46,2026-08-03 03:14:46,2026-08-03 13:28:46,CLOSED
BANK-A,BANK-A-ALT-00200,Phishing activity detected,Automated PHISHING alert on asset BANK-A-AST-0054,LOW,PHISHING,WAF,BANK-A-AST-0054,2026-07-15 20:19:53,2026-07-15 20:36:53,2026-07-16 09:30:53,CLOSED
BANK-A,BANK-A-ALT-00201,Unauthorized Access activity detected,Automated UNAUTHORIZED_ACCESS alert on asset BANK-A-AST-0010,MEDIUM,UNAUTHORIZED_ACCESS,WAF,BANK-A-AST-0010,2026-07-17 03:57:55,2026-07-17 04:03:55,2026-07-18 00:30:55,CLOSED
BANK-A,BANK-A-ALT-00202,Dos activity detected,Automated DoS alert on asset BANK-A-AST-0038,HIGH,DoS,SIEM,BANK-A-AST-0038,2026-08-29 23:57:34,2026-08-30 00:14:34,2026-08-30 04:42:34,CLOSED
BANK-A,BANK-A-ALT-00203,Malware activity detected,Automated MALWARE alert on asset BANK-A-AST-0004,LOW,MALWARE,SIEM,BANK-A-AST-0004,2026-07-18 09:55:35,2026-07-18 10:07:35,2026-07-18 12:10:35,CLOSED
BANK-A,BANK-A-ALT-00204,Unauthorized Access activity detected,Automated UNAUTHORIZED_ACCESS alert on asset BANK-A-AST-0013,HIGH,UNAUTHORIZED_ACCESS,NDR,BANK-A-AST-0013,2026-08-23 03:20:22,2026-08-23 03:27:22,2026-08-23 07:46:22,CLOSED
BANK-A,BANK-A-ALT-00205,Phishing activity detected,Automated PHISHING alert on asset BANK-A-AST-0025,INFO,PHISHING,NDR,BANK-A-AST-0025,2026-09-10 19:33:23,2026-09-10 19:50:23,2026-09-11 06:52:23,CLOSED
BANK-A,BANK-A-ALT-00206,Dos activity detected,Automated DoS alert on asset BANK-A-AST-0060,MEDIUM,DoS,EDR,BANK-A-AST-0060,2026-08-24 09:29:11,2026-08-24 09:36:11,2026-08-24 10:58:11,CLOSED
BANK-A,BANK-A-ALT-00207,Dos activity detected,Automated DoS alert on asset BANK-A-AST-0015,LOW,DoS,SIEM,BANK-A-AST-0015,2026-09-27 00:13:19,2026-09-27 00:25:19,2026-09-27 14:42:19,CLOSED
BANK-A,BANK-A-ALT-00208,Unauthorized Access activity detected,Automated UNAUTHORIZED_ACCESS alert on asset BANK-A-AST-0015,INFO,UNAUTHORIZED_ACCESS,EDR,BANK-A-AST-0015,2026-07-03 03:31:49,2026-07-03 03:43:49,2026-07-03 06:50:49,CLOSED
BANK-A,BANK-A-ALT-00209,Malware activity detected,Automated MALWARE alert on asset BANK-A-AST-0038,LOW,MALWARE,EDR,BANK-A-AST-0038,2026-08-13 18:43:10,2026-08-13 19:13:10,2026-08-14 13:48:10,CLOSED
BANK-A,BANK-A-ALT-00210,Phishing activity detected,Automated PHISHING alert on asset BANK-A-AST-0042,LOW,PHISHING,EDR,BANK-A-AST-0042,2026-07-22 12:01:54,2026-07-22 12:20:54,2026-07-22 20:50:54,FALSE_POSITIVE
BANK-A,BANK-A-ALT-00211,Phishing activity detected,Automated PHISHING alert on asset BANK-A-AST-0007,MEDIUM,PHISHING,SIEM,BANK-A-AST-0007,2026-07-09 14:49:54,2026-07-09 14:56:54,2026-07-09 19:41:54,FALSE_POSITIVE
BANK-A,BANK-A-ALT-00212,Policy Violation activity detected,Automated POLICY_VIOLATION alert on asset BANK-A-AST-0050,MEDIUM,POLICY_VIOLATION,WAF,BANK-A-AST-0050,2026-09-14 15:19:07,2026-09-14 15:30:07,2026-09-15 01:18:07,CLOSED
BANK-A,BANK-A-ALT-00213,Config Change activity detected,Automated CONFIG_CHANGE alert on asset BANK-A-AST-0014,MEDIUM,CONFIG_CHANGE,SIEM,BANK-A-AST-0014,2026-09-18 06:57:32,2026-09-18 07:12:32,2026-09-18 13:49:32,CLOSED
BANK-A,BANK-A-ALT-00214,Dos activity detected,Automated DoS alert on asset BANK-A-AST-0029,LOW,DoS,WAF,BANK-A-AST-0029,2026-07-22 04:06:16,2026-07-22 04:30:16,2026-07-22 10:55:16,CLOSED
BANK-A,BANK-A-ALT-00215,Unauthorized Access activity detected,Automated UNAUTHORIZED_ACCESS alert on asset BANK-A-AST-0003,CRITICAL,UNAUTHORIZED_ACCESS,SIEM,BANK-A-AST-0003,2026-08-30 00:28:06,2026-08-30 00:45:06,2026-08-30 02:22:06,CLOSED
BANK-A,BANK-A-ALT-00216,Config Change activity detected,Automated CONFIG_CHANGE alert on asset BANK-A-AST-0032,HIGH,CONFIG_CHANGE,NDR,BANK-A-AST-0032,2026-08-19 05:31:46,2026-08-19 05:45:46,2026-08-19 08:34:46,CLOSED
BANK-A,BANK-A-ALT-00217,Insider Threat activity detected,Automated INSIDER_THREAT alert on asset BANK-A-AST-0042,MEDIUM,INSIDER_THREAT,WAF,BANK-A-AST-0042,2026-09-17 02:52:51,2026-09-17 03:19:51,2026-09-17 09:19:51,CLOSED
BANK-A,BANK-A-ALT-00218,Data Exfiltration activity detected,Automated DATA_EXFILTRATION alert on asset BANK-A-AST-0007,HIGH,DATA_EXFILTRATION,SIEM,BANK-A-AST-0007,2026-08-27 09:36:30,2026-08-27 09:52:30,2026-08-27 13:02:30,CLOSED
BANK-A,BANK-A-ALT-00219,Phishing activity detected,Automated PHISHING alert on asset BANK-A-AST-0052,LOW,PHISHING,NDR,BANK-A-AST-0052,2026-08-18 00:13:55,2026-08-18 00:42:55,2026-08-18 07:57:55,CLOSED
BANK-A,BANK-A-ALT-00220,Policy Violation activity detected,Automated POLICY_VIOLATION alert on asset BANK-A-AST-0003,MEDIUM,POLICY_VIOLATION,SIEM,BANK-A-AST-0003,2026-07-21 12:22:15,2026-07-21 12:47:15,2026-07-21 23:36:15,CLOSED
BANK-A,BANK-A-ALT-00221,Malware activity detected,Automated MALWARE alert on asset BANK-A-AST-0024,LOW,MALWARE,EDR,BANK-A-AST-0024,2026-07-16 13:23:29,2026-07-16 13:52:29,2026-07-17 06:01:29,FALSE_POSITIVE
BANK-A,BANK-A-ALT-00222,Config Change activity detected,Automated CONFIG_CHANGE alert on asset BANK-A-AST-0036,LOW,CONFIG_CHANGE,EDR,BANK-A-AST-0036,2026-09-18 05:39:26,2026-09-18 05:59:26,2026-09-18 17:46:26,CLOSED
BANK-A,BANK-A-ALT-00223,Malware activity detected,Automated MALWARE alert on asset BANK-A-AST-0019,MEDIUM,MALWARE,EDR,BANK-A-AST-0019,2026-07-10 10:48:49,2026-07-10 10:54:49,2026-07-11 10:33:49,CLOSED
BANK-A,BANK-A-ALT-00224,Policy Violation activity detected,Automated POLICY_VIOLATION alert on asset BANK-A-AST-0055,INFO,POLICY_VIOLATION,NDR,BANK-A-AST-0055,2026-09-29 07:59:27,2026-09-29 08:06:27,2026-09-29 14:47:27,CLOSED
BANK-A,BANK-A-ALT-00225,Unauthorized Access activity detected,Automated UNAUTHORIZED_ACCESS alert on asset BANK-A-AST-0002,HIGH,UNAUTHORIZED_ACCESS,WAF,BANK-A-AST-0002,2026-08-26 01:42:52,2026-08-26 02:00:52,2026-08-26 03:09:52,CLOSED
BANK-A,BANK-A-ALT-00226,Phishing activity detected,Automated PHISHING alert on asset BANK-A-AST-0059,MEDIUM,PHISHING,SIEM,BANK-A-AST-0059,2026-09-05 03:21:58,2026-09-05 03:50:58,2026-09-05 15:29:58,CLOSED
BANK-A,BANK-A-ALT-00227,Insider Threat activity detected,Automated INSIDER_THREAT alert on asset BANK-A-AST-0035,LOW,INSIDER_THREAT,NDR,BANK-A-AST-0035,2026-08-18 04:37:05,2026-08-18 04:48:05,2026-08-18 06:36:05,FALSE_POSITIVE
BANK-A,BANK-A-ALT-00228,Unauthorized Access activity detected,Automated UNAUTHORIZED_ACCESS alert on asset BANK-A-AST-0055,HIGH,UNAUTHORIZED_ACCESS,EDR,BANK-A-AST-0055,2026-08-07 21:41:55,2026-08-07 21:43:55,2026-08-08 00:03:55,FALSE_POSITIVE
BANK-A,BANK-A-ALT-00229,Dos activity detected,Automated DoS alert on asset BANK-A-AST-0013,LOW,DoS,SIEM,BANK-A-AST-0013,2026-07-25 17:18:11,2026-07-25 17:46:11,2026-07-26 03:53:11,CLOSED
BANK-A,BANK-A-ALT-00230,Policy Violation activity detected,Automated POLICY_VIOLATION alert on asset BANK-A-AST-0012,HIGH,POLICY_VIOLATION,SIEM,BANK-A-AST-0012,2026-07-14 14:34:20,2026-07-14 14:51:20,2026-07-14 19:33:20,CLOSED
BANK-A,BANK-A-ALT-00231,Data Exfiltration activity detected,Automated DATA_EXFILTRATION alert on asset BANK-A-AST-0059,CRITICAL,DATA_EXFILTRATION,WAF,BANK-A-AST-0059,2026-09-29 05:49:21,2026-09-29 05:52:21,2026-09-29 06:46:21,CLOSED
BANK-A,BANK-A-ALT-00232,Insider Threat activity detected,Automated INSIDER_THREAT alert on asset BANK-A-AST-0037,LOW,INSIDER_THREAT,EDR,BANK-A-AST-0037,2026-07-20 16:14:57,2026-07-20 16:41:57,2026-07-21 01:05:57,FALSE_POSITIVE
BANK-A,BANK-A-ALT-00233,Policy Violation activity detected,Automated POLICY_VIOLATION alert on asset BANK-A-AST-0060,LOW,POLICY_VIOLATION,NDR,BANK-A-AST-0060,2026-09-22 13:21:28,2026-09-22 13:36:28,2026-09-22 16:43:28,CLOSED
BANK-A,BANK-A-ALT-00234,Insider Threat activity detected,Automated INSIDER_THREAT alert on asset BANK-A-AST-0019,LOW,INSIDER_THREAT,SIEM,BANK-A-AST-0019,2026-07-17 22:35:12,2026-07-17 22:51:12,2026-07-18 17:42:12,CLOSED
BANK-A,BANK-A-ALT-00235,Config Change activity detected,Automated CONFIG_CHANGE alert on asset BANK-A-AST-0028,MEDIUM,CONFIG_CHANGE,EDR,BANK-A-AST-0028,2026-09-28 17:25:40,2026-09-28 17:32:40,2026-09-29 11:12:40,CLOSED
BANK-A,BANK-A-ALT-00236,Config Change activity detected,Automated CONFIG_CHANGE alert on asset BANK-A-AST-0032,HIGH,CONFIG_CHANGE,NDR,BANK-A-AST-0032,2026-08-21 18:18:30,2026-08-21 18:33:30,2026-08-21 22:59:30,FALSE_POSITIVE
BANK-A,BANK-A-ALT-00237,Config Change activity detected,Automated CONFIG_CHANGE alert on asset BANK-A-AST-0047,MEDIUM,CONFIG_CHANGE,NDR,BANK-A-AST-0047,2026-07-18 12:51:48,2026-07-18 13:04:48,2026-07-19 10:26:48,CLOSED
BANK-A,BANK-A-ALT-00238,Unauthorized Access activity detected,Automated UNAUTHORIZED_ACCESS alert on asset BANK-A-AST-0059,LOW,UNAUTHORIZED_ACCESS,SIEM,BANK-A-AST-0059,2026-08-25 03:38:39,2026-08-25 03:46:39,2026-08-26 00:13:39,CLOSED
BANK-A,BANK-A-ALT-00239,Policy Violation activity detected,Automated POLICY_VIOLATION alert on asset BANK-A-AST-0028,MEDIUM,POLICY_VIOLATION,NDR,BANK-A-AST-0028,2026-08-18 21:13:23,2026-08-18 21:17:23,2026-08-19 01:24:23,CLOSED
BANK-A,BANK-A-ALT-00240,Dos activity detected,Automated DoS alert on asset BANK-A-AST-0030,LOW,DoS,NDR,BANK-A-AST-0030,2026-09-21 15:50:17,2026-09-21 15:54:17,2026-09-22 09:17:17,CLOSED
BANK-A,BANK-A-ALT-00241,Policy Violation activity detected,Automated POLICY_VIOLATION alert on asset BANK-A-AST-0048,LOW,POLICY_VIOLATION,NDR,BANK-A-AST-0048,2026-07-12 11:25:51,2026-07-12 11:50:51,2026-07-12 15:30:51,FALSE_POSITIVE
BANK-A,BANK-A-ALT-00242,Dos activity detected,Automated DoS alert on asset BANK-A-AST-0006,LOW,DoS,WAF,BANK-A-AST-0006,2026-07-11 18:20:25,2026-07-11 18:30:25,2026-07-12 00:17:25,CLOSED
BANK-A,BANK-A-ALT-00243,Phishing activity detected,Automated PHISHING alert on asset BANK-A-AST-0051,LOW,PHISHING,NDR,BANK-A-AST-0051,2026-07-13 11:12:56,2026-07-13 11:28:56,2026-07-13 13:47:56,FALSE_POSITIVE
BANK-A,BANK-A-ALT-00244,Dos activity detected,Automated DoS alert on asset BANK-A-AST-0041,INFO,DoS,NDR,BANK-A-AST-0041,2026-09-07 09:21:52,2026-09-07 09:27:52,2026-09-08 09:08:52,FALSE_POSITIVE
BANK-A,BANK-A-ALT-00245,Phishing activity detected,Automated PHISHING alert on asset BANK-A-AST-0009,INFO,PHISHING,SIEM,BANK-A-AST-0009,2026-09-26 04:23:55,2026-09-26 04:27:55,2026-09-26 08:36:55,CLOSED
BANK-A,BANK-A-ALT-00246,Policy Violation activity detected,Automated POLICY_VIOLATION alert on asset BANK-A-AST-0001,INFO,POLICY_VIOLATION,EDR,BANK-A-AST-0001,2026-07-28 11:57:25,2026-07-28 12:04:25,2026-07-28 17:27:25,CLOSED
BANK-A,BANK-A-ALT-00247,Data Exfiltration activity detected,Automated DATA_EXFILTRATION alert on asset BANK-A-AST-0006,LOW,DATA_EXFILTRATION,NDR,BANK-A-AST-0006,2026-08-13 09:02:13,2026-08-13 09:10:13,2026-08-13 10:17:13,CLOSED
BANK-A,BANK-A-ALT-00248,Insider Threat activity detected,Automated INSIDER_THREAT alert on asset BANK-A-AST-0016,CRITICAL,INSIDER_THREAT,WAF,BANK-A-AST-0016,2026-09-15 09:05:27,2026-09-15 09:10:27,2026-09-15 11:52:27,CLOSED
BANK-A,BANK-A-ALT-00249,Insider Threat activity detected,Automated INSIDER_THREAT alert on asset BANK-A-AST-0003,MEDIUM,INSIDER_THREAT,EDR,BANK-A-AST-0003,2026-08-31 15:28:26,2026-08-31 15:50:26,2026-08-31 22:37:26,CLOSED
BANK-A,BANK-A-ALT-00250,Config Change activity detected,Automated CONFIG_CHANGE alert on asset BANK-A-AST-0057,INFO,CONFIG_CHANGE,NDR,BANK-A-AST-0057,2026-09-01 01:48:24,2026-09-01 02:02:24,2026-09-01 06:02:24,CLOSED
BANK-A,BANK-A-ALT-00251,Unauthorized Access activity detected,Automated UNAUTHORIZED_ACCESS alert on asset BANK-A-AST-0049,HIGH,UNAUTHORIZED_ACCESS,WAF,BANK-A-AST-0049,2026-09-24 20:22:28,2026-09-24 20:52:28,2026-09-24 22:57:28,CLOSED
BANK-A,BANK-A-ALT-00252,Insider Threat activity detected,Automated INSIDER_THREAT alert on asset BANK-A-AST-0006,MEDIUM,INSIDER_THREAT,SIEM,BANK-A-AST-0006,2026-09-30 04:42:12,2026-09-30 04:55:12,2026-10-01 02:21:12,FALSE_POSITIVE
BANK-A,BANK-A-ALT-00253,Unauthorized Access activity detected,Automated UNAUTHORIZED_ACCESS alert on asset BANK-A-AST-0039,INFO,UNAUTHORIZED_ACCESS,SIEM,BANK-A-AST-0039,2026-07-27 16:36:47,2026-07-27 17:04:47,2026-07-28 14:50:47,CLOSED
BANK-A,BANK-A-ALT-00254,Policy Violation activity detected,Automated POLICY_VIOLATION alert on asset BANK-A-AST-0013,MEDIUM,POLICY_VIOLATION,NDR,BANK-A-AST-0013,2026-07-12 17:06:00,2026-07-12 17:11:00,2026-07-13 03:27:00,CLOSED
BANK-A,BANK-A-ALT-00255,Unauthorized Access activity detected,Automated UNAUTHORIZED_ACCESS alert on asset BANK-A-AST-0028,LOW,UNAUTHORIZED_ACCESS,WAF,BANK-A-AST-0028,2026-08-17 03:38:01,2026-08-17 03:41:01,2026-08-17 08:00:01,FALSE_POSITIVE
BANK-A,BANK-A-ALT-00256,Unauthorized Access activity detected,Automated UNAUTHORIZED_ACCESS alert on asset BANK-A-AST-0048,HIGH,UNAUTHORIZED_ACCESS,SIEM,BANK-A-AST-0048,2026-07-08 02:00:27,2026-07-08 02:25:27,2026-07-08 02:54:27,CLOSED
BANK-A,BANK-A-ALT-00257,Dos activity detected,Automated DoS alert on asset BANK-A-AST-0046,INFO,DoS,SIEM,BANK-A-AST-0046,2026-07-09 11:35:23,2026-07-09 11:38:23,2026-07-10 04:08:23,CLOSED
BANK-A,BANK-A-ALT-00258,Dos activity detected,Automated DoS alert on asset BANK-A-AST-0021,HIGH,DoS,NDR,BANK-A-AST-0021,2026-07-20 20:49:53,2026-07-20 21:13:53,2026-07-20 21:38:53,FALSE_POSITIVE
BANK-A,BANK-A-ALT-00259,Phishing activity detected,Automated PHISHING alert on asset BANK-A-AST-0025,LOW,PHISHING,SIEM,BANK-A-AST-0025,2026-08-31 16:38:22,2026-08-31 16:47:22,2026-09-01 02:27:22,CLOSED
BANK-A,BANK-A-ALT-00260,Malware activity detected,Automated MALWARE alert on asset BANK-A-AST-0051,LOW,MALWARE,WAF,BANK-A-AST-0051,2026-07-04 21:49:35,2026-07-04 22:02:35,2026-07-05 13:31:35,FALSE_POSITIVE
BANK-A,BANK-A-ALT-00261,Insider Threat activity detected,Automated INSIDER_THREAT alert on asset BANK-A-AST-0019,MEDIUM,INSIDER_THREAT,SIEM,BANK-A-AST-0019,2026-07-24 00:30:41,2026-07-24 00:54:41,2026-07-24 13:37:41,FALSE_POSITIVE
BANK-A,BANK-A-ALT-00262,Phishing activity detected,Automated PHISHING alert on asset BANK-A-AST-0003,HIGH,PHISHING,NDR,BANK-A-AST-0003,2026-09-27 03:16:25,2026-09-27 03:37:25,2026-09-27 04:59:25,CLOSED
BANK-A,BANK-A-ALT-00263,Phishing activity detected,Automated PHISHING alert on asset BANK-A-AST-0054,HIGH,PHISHING,NDR,BANK-A-AST-0054,2026-07-19 01:07:38,2026-07-19 01:11:38,2026-07-19 01:53:38,CLOSED
BANK-A,BANK-A-ALT-00264,Phishing activity detected,Automated PHISHING alert on asset BANK-A-AST-0025,LOW,PHISHING,SIEM,BANK-A-AST-0025,2026-09-22 20:07:20,2026-09-22 20:34:20,2026-09-23 12:47:20,CLOSED
BANK-A,BANK-A-ALT-00265,Config Change activity detected,Automated CONFIG_CHANGE alert on asset BANK-A-AST-0047,HIGH,CONFIG_CHANGE,WAF,BANK-A-AST-0047,2026-07-27 09:42:57,2026-07-27 10:01:57,2026-07-27 10:40:57,CLOSED
BANK-A,BANK-A-ALT-00266,Malware activity detected,Automated MALWARE alert on asset BANK-A-AST-0011,LOW,MALWARE,SIEM,BANK-A-AST-0011,2026-09-12 05:21:19,2026-09-12 05:33:19,2026-09-12 08:39:19,FALSE_POSITIVE
BANK-A,BANK-A-ALT-00267,Policy Violation activity detected,Automated POLICY_VIOLATION alert on asset BANK-A-AST-0030,HIGH,POLICY_VIOLATION,WAF,BANK-A-AST-0030,2026-08-18 08:43:17,2026-08-18 08:46:17,2026-08-18 10:36:17,FALSE_POSITIVE
BANK-A,BANK-A-ALT-00268,Malware activity detected,Automated MALWARE alert on asset BANK-A-AST-0041,HIGH,MALWARE,WAF,BANK-A-AST-0041,2026-07-26 12:24:51,2026-07-26 12:43:51,2026-07-26 14:37:51,CLOSED
BANK-A,BANK-A-ALT-00269,Config Change activity detected,Automated CONFIG_CHANGE alert on asset BANK-A-AST-0020,MEDIUM,CONFIG_CHANGE,NDR,BANK-A-AST-0020,2026-09-28 23:03:21,2026-09-28 23:04:21,2026-09-29 22:06:21,CLOSED
BANK-A,BANK-A-ALT-00270,Malware activity detected,Automated MALWARE alert on asset BANK-A-AST-0055,LOW,MALWARE,WAF,BANK-A-AST-0055,2026-08-17 00:32:12,2026-08-17 00:56:12,2026-08-17 05:02:12,CLOSED
BANK-A,BANK-A-ALT-00271,Config Change activity detected,Automated CONFIG_CHANGE alert on asset BANK-A-AST-0002,MEDIUM,CONFIG_CHANGE,SIEM,BANK-A-AST-0002,2026-08-15 04:44:51,2026-08-15 04:53:51,2026-08-15 11:07:51,CLOSED
BANK-A,BANK-A-ALT-00272,Dos activity detected,Automated DoS alert on asset BANK-A-AST-0024,LOW,DoS,SIEM,BANK-A-AST-0024,2026-07-05 08:02:54,2026-07-05 08:05:54,2026-07-05 15:40:54,FALSE_POSITIVE
BANK-A,BANK-A-ALT-00273,Phishing activity detected,Automated PHISHING alert on asset BANK-A-AST-0049,INFO,PHISHING,NDR,BANK-A-AST-0049,2026-08-12 18:39:46,2026-08-12 18:53:46,2026-08-13 09:25:46,CLOSED
BANK-A,BANK-A-ALT-00274,Malware activity detected,Automated MALWARE alert on asset BANK-A-AST-0044,HIGH,MALWARE,SIEM,BANK-A-AST-0044,2026-09-27 01:26:37,2026-09-27 01:37:37,2026-09-27 05:55:37,CLOSED
BANK-A,BANK-A-ALT-00275,Unauthorized Access activity detected,Automated UNAUTHORIZED_ACCESS alert on asset BANK-A-AST-0057,MEDIUM,UNAUTHORIZED_ACCESS,EDR,BANK-A-AST-0057,2026-07-22 19:00:26,2026-07-22 19:28:26,2026-07-23 18:43:26,CLOSED
BANK-A,BANK-A-ALT-00276,Insider Threat activity detected,Automated INSIDER_THREAT alert on asset BANK-A-AST-0028,MEDIUM,INSIDER_THREAT,EDR,BANK-A-AST-0028,2026-09-25 16:31:53,2026-09-25 16:47:53,2026-09-26 08:42:53,FALSE_POSITIVE
BANK-A,BANK-A-ALT-00277,Unauthorized Access activity detected,Automated UNAUTHORIZED_ACCESS alert on asset BANK-A-AST-0043,LOW,UNAUTHORIZED_ACCESS,SIEM,BANK-A-AST-0043,2026-08-20 01:57:21,2026-08-20 02:15:21,2026-08-20 23:34:21,FALSE_POSITIVE
BANK-A,BANK-A-ALT-00278,Data Exfiltration activity detected,Automated DATA_EXFILTRATION alert on asset BANK-A-AST-0054,INFO,DATA_EXFILTRATION,SIEM,BANK-A-AST-0054,2026-08-28 11:37:13,2026-08-28 11:42:13,2026-08-28 17:30:13,CLOSED
BANK-A,BANK-A-ALT-00279,Malware activity detected,Automated MALWARE alert on asset BANK-A-AST-0053,LOW,MALWARE,NDR,BANK-A-AST-0053,2026-08-31 10:01:07,2026-08-31 10:18:07,2026-08-31 19:01:07,CLOSED
BANK-A,BANK-A-ALT-00280,Policy Violation activity detected,Automated POLICY_VIOLATION alert on asset BANK-A-AST-0011,CRITICAL,POLICY_VIOLATION,WAF,BANK-A-AST-0011,2026-09-25 17:23:52,2026-09-25 17:27:52,2026-09-25 20:21:52,CLOSED
BANK-A,BANK-A-ALT-00281,Insider Threat activity detected,Automated INSIDER_THREAT alert on asset BANK-A-AST-0047,CRITICAL,INSIDER_THREAT,EDR,BANK-A-AST-0047,2026-08-09 02:03:04,2026-08-09 02:20:04,2026-08-09 04:05:04,CLOSED
BANK-A,BANK-A-ALT-00282,Policy Violation activity detected,Automated POLICY_VIOLATION alert on asset BANK-A-AST-0055,HIGH,POLICY_VIOLATION,NDR,BANK-A-AST-0055,2026-09-16 15:37:09,2026-09-16 15:47:09,2026-09-16 19:34:09,CLOSED
BANK-A,BANK-A-ALT-00283,Config Change activity detected,Automated CONFIG_CHANGE alert on asset BANK-A-AST-0026,HIGH,CONFIG_CHANGE,WAF,BANK-A-AST-0026,2026-08-09 21:30:43,2026-08-09 21:48:43,2026-08-09 23:29:43,FALSE_POSITIVE
BANK-A,BANK-A-ALT-00284,Phishing activity detected,Automated PHISHING alert on asset BANK-A-AST-0039,MEDIUM,PHISHING,EDR,BANK-A-AST-0039,2026-09-08 19:00:59,2026-09-08 19:09:59,2026-09-09 12:29:59,CLOSED
BANK-A,BANK-A-ALT-00285,Phishing activity detected,Automated PHISHING alert on asset BANK-A-AST-0017,MEDIUM,PHISHING,WAF,BANK-A-AST-0017,2026-08-14 18:52:15,2026-08-14 19:21:15,2026-08-15 05:32:15,CLOSED
BANK-A,BANK-A-ALT-00286,Config Change activity detected,Automated CONFIG_CHANGE alert on asset BANK-A-AST-0049,HIGH,CONFIG_CHANGE,SIEM,BANK-A-AST-0049,2026-08-07 14:36:29,2026-08-07 14:37:29,2026-08-07 16:17:29,CLOSED
BANK-A,BANK-A-ALT-00287,Malware activity detected,Automated MALWARE alert on asset BANK-A-AST-0011,LOW,MALWARE,WAF,BANK-A-AST-0011,2026-09-28 10:38:46,2026-09-28 11:00:46,2026-09-29 07:54:46,CLOSED
BANK-A,BANK-A-ALT-00288,Unauthorized Access activity detected,Automated UNAUTHORIZED_ACCESS alert on asset BANK-A-AST-0031,MEDIUM,UNAUTHORIZED_ACCESS,SIEM,BANK-A-AST-0031,2026-07-18 06:54:57,2026-07-18 07:05:57,2026-07-18 15:59:57,CLOSED
BANK-A,BANK-A-ALT-00289,Insider Threat activity detected,Automated INSIDER_THREAT alert on asset BANK-A-AST-0033,MEDIUM,INSIDER_THREAT,WAF,BANK-A-AST-0033,2026-08-22 13:06:25,2026-08-22 13:18:25,2026-08-23 10:34:25,CLOSED
BANK-A,BANK-A-ALT-00290,Data Exfiltration activity detected,Automated DATA_EXFILTRATION alert on asset BANK-A-AST-0047,MEDIUM,DATA_EXFILTRATION,EDR,BANK-A-AST-0047,2026-07-21 23:35:37,2026-07-22 00:03:37,2026-07-22 03:37:37,CLOSED
BANK-A,BANK-A-ALT-00291,Policy Violation activity detected,Automated POLICY_VIOLATION alert on asset BANK-A-AST-0021,LOW,POLICY_VIOLATION,WAF,BANK-A-AST-0021,2026-09-26 01:15:44,2026-09-26 01:16:44,2026-09-26 18:24:44,CLOSED
BANK-A,BANK-A-ALT-00292,Phishing activity detected,Automated PHISHING alert on asset BANK-A-AST-0017,MEDIUM,PHISHING,EDR,BANK-A-AST-0017,2026-08-28 21:40:39,2026-08-28 22:08:39,2026-08-29 07:28:39,CLOSED
BANK-A,BANK-A-ALT-00293,Dos activity detected,Automated DoS alert on asset BANK-A-AST-0030,MEDIUM,DoS,WAF,BANK-A-AST-0030,2026-08-19 02:29:09,2026-08-19 02:59:09,2026-08-19 12:33:09,CLOSED
BANK-A,BANK-A-ALT-00294,Malware activity detected,Automated MALWARE alert on asset BANK-A-AST-0006,INFO,MALWARE,NDR,BANK-A-AST-0006,2026-08-25 03:00:05,2026-08-25 03:30:05,2026-08-25 20:32:05,CLOSED
BANK-A,BANK-A-ALT-00295,Config Change activity detected,Automated CONFIG_CHANGE alert on asset BANK-A-AST-0059,MEDIUM,CONFIG_CHANGE,SIEM,BANK-A-AST-0059,2026-07-27 03:10:37,2026-07-27 03:38:37,2026-07-28 01:17:37,CLOSED
BANK-A,BANK-A-ALT-00296,Policy Violation activity detected,Automated POLICY_VIOLATION alert on asset BANK-A-AST-0049,MEDIUM,POLICY_VIOLATION,NDR,BANK-A-AST-0049,2026-08-31 22:45:38,2026-08-31 23:12:38,2026-09-01 12:44:38,CLOSED
BANK-A,BANK-A-ALT-00297,Malware activity detected,Automated MALWARE alert on asset BANK-A-AST-0060,MEDIUM,MALWARE,SIEM,BANK-A-AST-0060,2026-08-17 13:42:43,2026-08-17 13:47:43,2026-08-18 09:26:43,FALSE_POSITIVE
BANK-A,BANK-A-ALT-00298,Unauthorized Access activity detected,Automated UNAUTHORIZED_ACCESS alert on asset BANK-A-AST-0015,INFO,UNAUTHORIZED_ACCESS,NDR,BANK-A-AST-0015,2026-08-05 17:48:09,2026-08-05 17:58:09,2026-08-05 21:44:09,CLOSED
BANK-A,BANK-A-ALT-00299,Phishing activity detected,Automated PHISHING alert on asset BANK-A-AST-0029,MEDIUM,PHISHING,SIEM,BANK-A-AST-0029,2026-09-11 20:21:32,2026-09-11 20:33:32,2026-09-12 13:11:32,CLOSED
BANK-A,BANK-A-ALT-00300,Insider Threat activity detected,Automated INSIDER_THREAT alert on asset BANK-A-AST-0016,MEDIUM,INSIDER_THREAT,SIEM,BANK-A-AST-0016,2026-09-07 17:33:44,2026-09-07 17:40:44,2026-09-08 11:35:44,CLOSED
BANK-A,BANK-A-ALT-00301,Policy Violation activity detected,Automated POLICY_VIOLATION alert on asset BANK-A-AST-0003,MEDIUM,POLICY_VIOLATION,EDR,BANK-A-AST-0003,2026-09-01 09:10:14,2026-09-01 09:20:14,2026-09-01 20:57:14,CLOSED
BANK-A,BANK-A-ALT-00302,Unauthorized Access activity detected,Automated UNAUTHORIZED_ACCESS alert on asset BANK-A-AST-0005,MEDIUM,UNAUTHORIZED_ACCESS,NDR,BANK-A-AST-0005,2026-07-22 13:39:15,2026-07-22 13:46:15,2026-07-23 05:49:15,CLOSED
BANK-A,BANK-A-ALT-00303,Data Exfiltration activity detected,Automated DATA_EXFILTRATION alert on asset BANK-A-AST-0005,LOW,DATA_EXFILTRATION,WAF,BANK-A-AST-0005,2026-09-24 00:49:36,2026-09-24 00:54:36,2026-09-24 16:35:36,FALSE_POSITIVE
BANK-A,BANK-A-ALT-00304,Policy Violation activity detected,Automated POLICY_VIOLATION alert on asset BANK-A-AST-0031,MEDIUM,POLICY_VIOLATION,WAF,BANK-A-AST-0031,2026-08-24 02:11:39,2026-08-24 02:37:39,2026-08-24 22:22:39,CLOSED
BANK-A,BANK-A-ALT-00305,Config Change activity detected,Automated CONFIG_CHANGE alert on asset BANK-A-AST-0040,CRITICAL,CONFIG_CHANGE,EDR,BANK-A-AST-0040,2026-07-05 23:20:34,2026-07-05 23:42:34,2026-07-06 02:13:34,CLOSED
BANK-A,BANK-A-ALT-00306,Insider Threat activity detected,Automated INSIDER_THREAT alert on asset BANK-A-AST-0006,MEDIUM,INSIDER_THREAT,WAF,BANK-A-AST-0006,2026-09-08 22:25:06,2026-09-08 22:55:06,2026-09-09 01:19:06,FALSE_POSITIVE
BANK-A,BANK-A-ALT-00307,Phishing activity detected,Automated PHISHING alert on asset BANK-A-AST-0015,LOW,PHISHING,WAF,BANK-A-AST-0015,2026-07-03 05:28:51,2026-07-03 05:56:51,2026-07-04 00:38:51,CLOSED
BANK-A,BANK-A-ALT-00308,Config Change activity detected,Automated CONFIG_CHANGE alert on asset BANK-A-AST-0054,MEDIUM,CONFIG_CHANGE,WAF,BANK-A-AST-0054,2026-09-09 11:51:02,2026-09-09 11:57:02,2026-09-09 19:37:02,CLOSED
BANK-A,BANK-A-ALT-00309,Insider Threat activity detected,Automated INSIDER_THREAT alert on asset BANK-A-AST-0009,HIGH,INSIDER_THREAT,NDR,BANK-A-AST-0009,2026-09-21 17:23:16,2026-09-21 17:51:16,2026-09-21 20:30:16,CLOSED
BANK-A,BANK-A-ALT-00310,Phishing activity detected,Automated PHISHING alert on asset BANK-A-AST-0030,LOW,PHISHING,NDR,BANK-A-AST-0030,2026-08-09 11:01:35,2026-08-09 11:04:35,2026-08-09 12:44:35,CLOSED
BANK-A,BANK-A-ALT-00311,Phishing activity detected,Automated PHISHING alert on asset BANK-A-AST-0021,LOW,PHISHING,WAF,BANK-A-AST-0021,2026-08-24 22:12:04,2026-08-24 22:39:04,2026-08-25 01:04:04,CLOSED
BANK-A,BANK-A-ALT-00312,Dos activity detected,Automated DoS alert on asset BANK-A-AST-0051,LOW,DoS,NDR,BANK-A-AST-0051,2026-09-11 06:54:23,2026-09-11 07:10:23,2026-09-12 06:07:23,CLOSED
BANK-A,BANK-A-ALT-00313,Data Exfiltration activity detected,Automated DATA_EXFILTRATION alert on asset BANK-A-AST-0037,MEDIUM,DATA_EXFILTRATION,SIEM,BANK-A-AST-0037,2026-08-29 18:51:51,2026-08-29 19:05:51,2026-08-30 10:18:51,CLOSED
BANK-A,BANK-A-ALT-00314,Policy Violation activity detected,Automated POLICY_VIOLATION alert on asset BANK-A-AST-0004,MEDIUM,POLICY_VIOLATION,WAF,BANK-A-AST-0004,2026-09-24 09:34:52,2026-09-24 09:57:52,2026-09-24 10:54:52,CLOSED
BANK-A,BANK-A-ALT-00315,Insider Threat activity detected,Automated INSIDER_THREAT alert on asset BANK-A-AST-0035,MEDIUM,INSIDER_THREAT,WAF,BANK-A-AST-0035,2026-07-31 10:06:06,2026-07-31 10:14:06,2026-08-01 05:11:06,FALSE_POSITIVE
BANK-A,BANK-A-ALT-00316,Config Change activity detected,Automated CONFIG_CHANGE alert on asset BANK-A-AST-0054,HIGH,CONFIG_CHANGE,WAF,BANK-A-AST-0054,2026-09-07 09:01:25,2026-09-07 09:16:25,2026-09-07 13:54:25,FALSE_POSITIVE
BANK-A,BANK-A-ALT-00317,Insider Threat activity detected,Automated INSIDER_THREAT alert on asset BANK-A-AST-0036,HIGH,INSIDER_THREAT,EDR,BANK-A-AST-0036,2026-08-09 11:58:35,2026-08-09 12:28:35,2026-08-09 13:33:35,CLOSED
BANK-A,BANK-A-ALT-00318,Data Exfiltration activity detected,Automated DATA_EXFILTRATION alert on asset BANK-A-AST-0046,MEDIUM,DATA_EXFILTRATION,NDR,BANK-A-AST-0046,2026-07-05 23:37:38,2026-07-05 23:47:38,2026-07-06 11:48:38,CLOSED
BANK-A,BANK-A-ALT-00319,Phishing activity detected,Automated PHISHING alert on asset BANK-A-AST-0018,LOW,PHISHING,WAF,BANK-A-AST-0018,2026-07-13 18:59:54,2026-07-13 19:25:54,2026-07-13 20:43:54,CLOSED
BANK-A,BANK-A-ALT-00320,Insider Threat activity detected,Automated INSIDER_THREAT alert on asset BANK-A-AST-0060,HIGH,INSIDER_THREAT,WAF,BANK-A-AST-0060,2026-09-06 04:52:20,2026-09-06 05:09:20,2026-09-06 07:45:20,CLOSED
BANK-A,BANK-A-ALT-00321,Data Exfiltration activity detected,Automated DATA_EXFILTRATION alert on asset BANK-A-AST-0034,INFO,DATA_EXFILTRATION,NDR,BANK-A-AST-0034,2026-07-07 20:11:59,2026-07-07 20:18:59,2026-07-08 20:00:59,CLOSED
BANK-A,BANK-A-ALT-00322,Data Exfiltration activity detected,Automated DATA_EXFILTRATION alert on asset BANK-A-AST-0007,MEDIUM,DATA_EXFILTRATION,WAF,BANK-A-AST-0007,2026-09-11 03:26:49,2026-09-11 03:40:49,2026-09-11 10:54:49,CLOSED
BANK-A,BANK-A-ALT-00323,Dos activity detected,Automated DoS alert on asset BANK-A-AST-0038,LOW,DoS,SIEM,BANK-A-AST-0038,2026-08-05 15:12:02,2026-08-05 15:19:02,2026-08-06 02:02:02,CLOSED
BANK-A,BANK-A-ALT-00324,Unauthorized Access activity detected,Automated UNAUTHORIZED_ACCESS alert on asset BANK-A-AST-0049,HIGH,UNAUTHORIZED_ACCESS,SIEM,BANK-A-AST-0049,2026-08-24 08:49:21,2026-08-24 09:17:21,2026-08-24 11:13:21,CLOSED
BANK-A,BANK-A-ALT-00325,Insider Threat activity detected,Automated INSIDER_THREAT alert on asset BANK-A-AST-0056,LOW,INSIDER_THREAT,SIEM,BANK-A-AST-0056,2026-08-20 13:36:40,2026-08-20 13:47:40,2026-08-21 08:43:40,FALSE_POSITIVE
BANK-A,BANK-A-ALT-00326,Config Change activity detected,Automated CONFIG_CHANGE alert on asset BANK-A-AST-0055,MEDIUM,CONFIG_CHANGE,SIEM,BANK-A-AST-0055,2026-08-04 02:04:57,2026-08-04 02:24:57,2026-08-04 10:14:57,FALSE_POSITIVE
BANK-A,BANK-A-ALT-00327,Insider Threat activity detected,Automated INSIDER_THREAT alert on asset BANK-A-AST-0031,LOW,INSIDER_THREAT,EDR,BANK-A-AST-0031,2026-08-31 08:53:24,2026-08-31 08:58:24,2026-09-01 00:18:24,CLOSED
BANK-A,BANK-A-ALT-00328,Malware activity detected,Automated MALWARE alert on asset BANK-A-AST-0038,LOW,MALWARE,SIEM,BANK-A-AST-0038,2026-09-16 12:07:50,2026-09-16 12:13:50,2026-09-16 21:20:50,CLOSED
BANK-A,BANK-A-ALT-00329,Malware activity detected,Automated MALWARE alert on asset BANK-A-AST-0047,MEDIUM,MALWARE,WAF,BANK-A-AST-0047,2026-07-25 16:00:11,2026-07-25 16:27:11,2026-07-25 23:03:11,CLOSED
BANK-A,BANK-A-ALT-00330,Data Exfiltration activity detected,Automated DATA_EXFILTRATION alert on asset BANK-A-AST-0045,MEDIUM,DATA_EXFILTRATION,WAF,BANK-A-AST-0045,2026-08-10 02:37:42,2026-08-10 02:58:42,2026-08-10 19:04:42,CLOSED
BANK-A,BANK-A-ALT-00331,Data Exfiltration activity detected,Automated DATA_EXFILTRATION alert on asset BANK-A-AST-0032,MEDIUM,DATA_EXFILTRATION,NDR,BANK-A-AST-0032,2026-07-03 21:19:17,2026-07-03 21:25:17,2026-07-04 10:13:17,CLOSED
BANK-A,BANK-A-ALT-00332,Config Change activity detected,Automated CONFIG_CHANGE alert on asset BANK-A-AST-0050,LOW,CONFIG_CHANGE,SIEM,BANK-A-AST-0050,2026-09-28 06:47:01,2026-09-28 06:55:01,2026-09-28 12:12:01,CLOSED
BANK-A,BANK-A-ALT-00333,Data Exfiltration activity detected,Automated DATA_EXFILTRATION alert on asset BANK-A-AST-0027,INFO,DATA_EXFILTRATION,SIEM,BANK-A-AST-0027,2026-08-27 08:40:38,2026-08-27 08:45:38,2026-08-27 12:02:38,CLOSED
BANK-A,BANK-A-ALT-00334,Insider Threat activity detected,Automated INSIDER_THREAT alert on asset BANK-A-AST-0048,INFO,INSIDER_THREAT,WAF,BANK-A-AST-0048,2026-07-12 02:58:48,2026-07-12 03:05:48,2026-07-12 19:29:48,CLOSED
BANK-A,BANK-A-ALT-00335,Insider Threat activity detected,Automated INSIDER_THREAT alert on asset BANK-A-AST-0017,HIGH,INSIDER_THREAT,WAF,BANK-A-AST-0017,2026-09-26 05:01:11,2026-09-26 05:17:11,2026-09-26 07:29:11,CLOSED
BANK-A,BANK-A-ALT-00336,Unauthorized Access activity detected,Automated UNAUTHORIZED_ACCESS alert on asset BANK-A-AST-0054,CRITICAL,UNAUTHORIZED_ACCESS,NDR,BANK-A-AST-0054,2026-08-08 17:49:52,2026-08-08 18:02:52,2026-08-08 20:13:52,CLOSED
BANK-A,BANK-A-ALT-00337,Data Exfiltration activity detected,Automated DATA_EXFILTRATION alert on asset BANK-A-AST-0028,MEDIUM,DATA_EXFILTRATION,WAF,BANK-A-AST-0028,2026-08-25 09:50:41,2026-08-25 10:09:41,2026-08-25 20:56:41,FALSE_POSITIVE
BANK-A,BANK-A-ALT-00338,Dos activity detected,Automated DoS alert on asset BANK-A-AST-0055,CRITICAL,DoS,EDR,BANK-A-AST-0055,2026-09-11 23:06:01,2026-09-11 23:15:01,2026-09-12 00:12:01,CLOSED
BANK-A,BANK-A-ALT-00339,Unauthorized Access activity detected,Automated UNAUTHORIZED_ACCESS alert on asset BANK-A-AST-0054,LOW,UNAUTHORIZED_ACCESS,EDR,BANK-A-AST-0054,2026-07-16 16:38:49,2026-07-16 16:47:49,2026-07-17 14:32:49,CLOSED
BANK-A,BANK-A-ALT-00340,Policy Violation activity detected,Automated POLICY_VIOLATION alert on asset BANK-A-AST-0056,MEDIUM,POLICY_VIOLATION,EDR,BANK-A-AST-0056,2026-09-27 14:33:32,2026-09-27 15:00:32,2026-09-27 22:38:32,CLOSED
BANK-A,BANK-A-ALT-00341,Data Exfiltration activity detected,Automated DATA_EXFILTRATION alert on asset BANK-A-AST-0020,MEDIUM,DATA_EXFILTRATION,SIEM,BANK-A-AST-0020,2026-09-11 20:30:38,2026-09-11 20:58:38,2026-09-12 07:40:38,CLOSED
BANK-A,BANK-A-ALT-00342,Data Exfiltration activity detected,Automated DATA_EXFILTRATION alert on asset BANK-A-AST-0015,INFO,DATA_EXFILTRATION,EDR,BANK-A-AST-0015,2026-09-21 17:23:48,2026-09-21 17:34:48,2026-09-22 08:37:48,CLOSED
BANK-A,BANK-A-ALT-00343,Unauthorized Access activity detected,Automated UNAUTHORIZED_ACCESS alert on asset BANK-A-AST-0031,LOW,UNAUTHORIZED_ACCESS,NDR,BANK-A-AST-0031,2026-08-18 02:15:21,2026-08-18 02:43:21,2026-08-18 08:01:21,CLOSED
BANK-A,BANK-A-ALT-00344,Data Exfiltration activity detected,Automated DATA_EXFILTRATION alert on asset BANK-A-AST-0060,LOW,DATA_EXFILTRATION,EDR,BANK-A-AST-0060,2026-09-29 16:54:30,2026-09-29 17:18:30,2026-09-29 20:14:30,FALSE_POSITIVE
BANK-A,BANK-A-ALT-00345,Config Change activity detected,Automated CONFIG_CHANGE alert on asset BANK-A-AST-0045,LOW,CONFIG_CHANGE,WAF,BANK-A-AST-0045,2026-08-11 14:08:01,2026-08-11 14:33:01,2026-08-12 07:00:01,FALSE_POSITIVE
BANK-A,BANK-A-ALT-00346,Config Change activity detected,Automated CONFIG_CHANGE alert on asset BANK-A-AST-0037,MEDIUM,CONFIG_CHANGE,WAF,BANK-A-AST-0037,2026-07-09 13:38:37,2026-07-09 13:45:37,2026-07-10 01:00:37,CLOSED
BANK-A,BANK-A-ALT-00347,Insider Threat activity detected,Automated INSIDER_THREAT alert on asset BANK-A-AST-0004,LOW,INSIDER_THREAT,EDR,BANK-A-AST-0004,2026-09-22 15:13:16,2026-09-22 15:29:16,2026-09-23 12:54:16,CLOSED
BANK-A,BANK-A-ALT-00348,Dos activity detected,Automated DoS alert on asset BANK-A-AST-0012,LOW,DoS,EDR,BANK-A-AST-0012,2026-08-23 07:57:45,2026-08-23 08:05:45,2026-08-24 06:24:45,CLOSED
BANK-A,BANK-A-ALT-00349,Insider Threat activity detected,Automated INSIDER_THREAT alert on asset BANK-A-AST-0033,LOW,INSIDER_THREAT,NDR,BANK-A-AST-0033,2026-09-11 00:00:41,2026-09-11 00:10:41,2026-09-11 05:24:41,CLOSED
BANK-A,BANK-A-ALT-00350,Config Change activity detected,Automated CONFIG_CHANGE alert on asset BANK-A-AST-0040,HIGH,CONFIG_CHANGE,EDR,BANK-A-AST-0040,2026-08-04 07:25:52,2026-08-04 07:37:52,2026-08-04 09:25:52,FALSE_POSITIVE
BANK-A,BANK-A-ALT-00351,Phishing activity detected,Automated PHISHING alert on asset BANK-A-AST-0055,LOW,PHISHING,EDR,BANK-A-AST-0055,2026-07-29 01:06:56,2026-07-29 01:15:56,2026-07-29 22:13:56,FALSE_POSITIVE
BANK-A,BANK-A-ALT-00352,Data Exfiltration activity detected,Automated DATA_EXFILTRATION alert on asset BANK-A-AST-0024,MEDIUM,DATA_EXFILTRATION,WAF,BANK-A-AST-0024,2026-07-27 12:16:17,2026-07-27 12:28:17,2026-07-28 10:38:17,CLOSED
BANK-A,BANK-A-ALT-00353,Unauthorized Access activity detected,Automated UNAUTHORIZED_ACCESS alert on asset BANK-A-AST-0056,CRITICAL,UNAUTHORIZED_ACCESS,SIEM,BANK-A-AST-0056,2026-07-09 04:29:04,2026-07-09 04:33:04,2026-07-09 07:18:04,CLOSED
BANK-A,BANK-A-ALT-00354,Unauthorized Access activity detected,Automated UNAUTHORIZED_ACCESS alert on asset BANK-A-AST-0053,LOW,UNAUTHORIZED_ACCESS,NDR,BANK-A-AST-0053,2026-09-02 01:53:54,2026-09-02 02:09:54,2026-09-02 19:35:54,CLOSED
BANK-A,BANK-A-ALT-00355,Malware activity detected,Automated MALWARE alert on asset BANK-A-AST-0043,INFO,MALWARE,NDR,BANK-A-AST-0043,2026-08-06 10:56:30,2026-08-06 11:01:30,2026-08-06 13:53:30,CLOSED
BANK-A,BANK-A-ALT-00356,Phishing activity detected,Automated PHISHING alert on asset BANK-A-AST-0040,INFO,PHISHING,EDR,BANK-A-AST-0040,2026-09-23 11:03:49,2026-09-23 11:18:49,2026-09-24 05:01:49,CLOSED
BANK-A,BANK-A-ALT-00357,Insider Threat activity detected,Automated INSIDER_THREAT alert on asset BANK-A-AST-0054,HIGH,INSIDER_THREAT,NDR,BANK-A-AST-0054,2026-09-30 06:27:54,2026-09-30 06:43:54,2026-09-30 08:49:54,FALSE_POSITIVE
BANK-A,BANK-A-ALT-00358,Dos activity detected,Automated DoS alert on asset BANK-A-AST-0011,LOW,DoS,EDR,BANK-A-AST-0011,2026-08-05 22:25:10,2026-08-05 22:54:10,2026-08-06 14:38:10,CLOSED
BANK-A,BANK-A-ALT-00359,Data Exfiltration activity detected,Automated DATA_EXFILTRATION alert on asset BANK-A-AST-0022,MEDIUM,DATA_EXFILTRATION,WAF,BANK-A-AST-0022,2026-08-14 11:38:07,2026-08-14 12:00:07,2026-08-15 06:55:07,FALSE_POSITIVE
BANK-A,BANK-A-ALT-00360,Phishing activity detected,Automated PHISHING alert on asset BANK-A-AST-0008,MEDIUM,PHISHING,SIEM,BANK-A-AST-0008,2026-09-09 22:37:47,2026-09-09 22:38:47,2026-09-10 21:28:47,CLOSED
BANK-A,BANK-A-ALT-00361,Phishing activity detected,Automated PHISHING alert on asset BANK-A-AST-0044,HIGH,PHISHING,NDR,BANK-A-AST-0044,2026-08-07 11:28:12,2026-08-07 11:48:12,2026-08-07 13:29:12,CLOSED
BANK-A,BANK-A-ALT-00362,Policy Violation activity detected,Automated POLICY_VIOLATION alert on asset BANK-A-AST-0054,MEDIUM,POLICY_VIOLATION,WAF,BANK-A-AST-0054,2026-07-03 11:26:40,2026-07-03 11:29:40,2026-07-04 01:15:40,FALSE_POSITIVE
BANK-A,BANK-A-ALT-00363,Phishing activity detected,Automated PHISHING alert on asset BANK-A-AST-0008,INFO,PHISHING,WAF,BANK-A-AST-0008,2026-08-29 10:13:26,2026-08-29 10:19:26,2026-08-29 17:20:26,FALSE_POSITIVE
BANK-A,BANK-A-ALT-00364,Dos activity detected,Automated DoS alert on asset BANK-A-AST-0012,LOW,DoS,WAF,BANK-A-AST-0012,2026-07-17 16:52:48,2026-07-17 17:00:48,2026-07-17 18:56:48,CLOSED
BANK-A,BANK-A-ALT-00365,Phishing activity detected,Automated PHISHING alert on asset BANK-A-AST-0032,MEDIUM,PHISHING,NDR,BANK-A-AST-0032,2026-09-25 06:37:56,2026-09-25 06:51:56,2026-09-26 04:05:56,CLOSED
BANK-A,BANK-A-ALT-00366,Config Change activity detected,Automated CONFIG_CHANGE alert on asset BANK-A-AST-0054,HIGH,CONFIG_CHANGE,NDR,BANK-A-AST-0054,2026-09-15 17:08:35,2026-09-15 17:14:35,2026-09-15 21:55:35,FALSE_POSITIVE
BANK-A,BANK-A-ALT-00367,Insider Threat activity detected,Automated INSIDER_THREAT alert on asset BANK-A-AST-0026,HIGH,INSIDER_THREAT,SIEM,BANK-A-AST-0026,2026-07-16 14:17:54,2026-07-16 14:18:54,2026-07-16 16:49:54,CLOSED
BANK-A,BANK-A-ALT-00368,Dos activity detected,Automated DoS alert on asset BANK-A-AST-0057,HIGH,DoS,NDR,BANK-A-AST-0057,2026-09-19 14:20:04,2026-09-19 14:48:04,2026-09-19 15:06:04,CLOSED
BANK-A,BANK-A-ALT-00369,Data Exfiltration activity detected,Automated DATA_EXFILTRATION alert on asset BANK-A-AST-0047,LOW,DATA_EXFILTRATION,SIEM,BANK-A-AST-0047,2026-07-23 02:57:12,2026-07-23 03:19:12,2026-07-23 10:15:12,CLOSED
BANK-A,BANK-A-ALT-00370,Unauthorized Access activity detected,Automated UNAUTHORIZED_ACCESS alert on asset BANK-A-AST-0016,MEDIUM,UNAUTHORIZED_ACCESS,EDR,BANK-A-AST-0016,2026-07-13 19:19:43,2026-07-13 19:41:43,2026-07-14 02:52:43,CLOSED
BANK-A,BANK-A-ALT-00371,Insider Threat activity detected,Automated INSIDER_THREAT alert on asset BANK-A-AST-0058,INFO,INSIDER_THREAT,NDR,BANK-A-AST-0058,2026-09-10 04:40:55,2026-09-10 04:59:55,2026-09-10 11:36:55,FALSE_POSITIVE
BANK-A,BANK-A-ALT-00372,Data Exfiltration activity detected,Automated DATA_EXFILTRATION alert on asset BANK-A-AST-0049,LOW,DATA_EXFILTRATION,SIEM,BANK-A-AST-0049,2026-08-17 11:13:26,2026-08-17 11:40:26,2026-08-17 17:53:26,FALSE_POSITIVE
BANK-A,BANK-A-ALT-00373,Malware activity detected,Automated MALWARE alert on asset BANK-A-AST-0017,LOW,MALWARE,SIEM,BANK-A-AST-0017,2026-07-18 22:03:48,2026-07-18 22:18:48,2026-07-19 11:40:48,CLOSED
BANK-A,BANK-A-ALT-00374,Unauthorized Access activity detected,Automated UNAUTHORIZED_ACCESS alert on asset BANK-A-AST-0026,LOW,UNAUTHORIZED_ACCESS,WAF,BANK-A-AST-0026,2026-08-08 15:02:22,2026-08-08 15:19:22,2026-08-09 02:39:22,CLOSED
BANK-A,BANK-A-ALT-00375,Data Exfiltration activity detected,Automated DATA_EXFILTRATION alert on asset BANK-A-AST-0056,MEDIUM,DATA_EXFILTRATION,WAF,BANK-A-AST-0056,2026-08-28 05:30:56,2026-08-28 05:57:56,2026-08-29 01:47:56,CLOSED
BANK-A,BANK-A-ALT-00376,Phishing activity detected,Automated PHISHING alert on asset BANK-A-AST-0019,INFO,PHISHING,EDR,BANK-A-AST-0019,2026-07-18 23:17:29,2026-07-18 23:44:29,2026-07-19 07:27:29,FALSE_POSITIVE
BANK-A,BANK-A-ALT-00377,Data Exfiltration activity detected,Automated DATA_EXFILTRATION alert on asset BANK-A-AST-0042,LOW,DATA_EXFILTRATION,WAF,BANK-A-AST-0042,2026-08-31 04:15:54,2026-08-31 04:27:54,2026-09-01 03:51:54,CLOSED
BANK-A,BANK-A-ALT-00378,Dos activity detected,Automated DoS alert on asset BANK-A-AST-0059,MEDIUM,DoS,WAF,BANK-A-AST-0059,2026-08-06 20:17:05,2026-08-06 20:39:05,2026-08-07 11:46:05,FALSE_POSITIVE
BANK-A,BANK-A-ALT-00379,Malware activity detected,Automated MALWARE alert on asset BANK-A-AST-0036,MEDIUM,MALWARE,SIEM,BANK-A-AST-0036,2026-09-19 14:45:47,2026-09-19 14:56:47,2026-09-20 03:10:47,CLOSED
BANK-A,BANK-A-ALT-00380,Unauthorized Access activity detected,Automated UNAUTHORIZED_ACCESS alert on asset BANK-A-AST-0055,CRITICAL,UNAUTHORIZED_ACCESS,NDR,BANK-A-AST-0055,2026-08-22 14:49:03,2026-08-22 15:04:03,2026-08-22 16:39:03,CLOSED
BANK-A,BANK-A-ALT-00381,Unauthorized Access activity detected,Automated UNAUTHORIZED_ACCESS alert on asset BANK-A-AST-0019,LOW,UNAUTHORIZED_ACCESS,EDR,BANK-A-AST-0019,2026-08-23 12:45:03,2026-08-23 13:07:03,2026-08-23 13:54:03,CLOSED
BANK-A,BANK-A-ALT-00382,Policy Violation activity detected,Automated POLICY_VIOLATION alert on asset BANK-A-AST-0005,HIGH,POLICY_VIOLATION,NDR,BANK-A-AST-0005,2026-09-06 20:54:25,2026-09-06 20:59:25,2026-09-07 01:28:25,CLOSED
BANK-A,BANK-A-ALT-00383,Policy Violation activity detected,Automated POLICY_VIOLATION alert on asset BANK-A-AST-0047,LOW,POLICY_VIOLATION,SIEM,BANK-A-AST-0047,2026-07-12 01:36:27,2026-07-12 01:55:27,2026-07-12 07:45:27,CLOSED
BANK-A,BANK-A-ALT-00384,Data Exfiltration activity detected,Automated DATA_EXFILTRATION alert on asset BANK-A-AST-0034,INFO,DATA_EXFILTRATION,SIEM,BANK-A-AST-0034,2026-08-01 01:47:23,2026-08-01 02:12:23,2026-08-01 20:37:23,CLOSED
BANK-A,BANK-A-ALT-00385,Config Change activity detected,Automated CONFIG_CHANGE alert on asset BANK-A-AST-0043,MEDIUM,CONFIG_CHANGE,SIEM,BANK-A-AST-0043,2026-09-07 05:28:21,2026-09-07 05:48:21,2026-09-08 02:02:21,CLOSED
BANK-A,BANK-A-ALT-00386,Malware activity detected,Automated MALWARE alert on asset BANK-A-AST-0060,MEDIUM,MALWARE,EDR,BANK-A-AST-0060,2026-08-15 23:30:42,2026-08-15 23:32:42,2026-08-16 17:30:42,CLOSED
BANK-A,BANK-A-ALT-00387,Phishing activity detected,Automated PHISHING alert on asset BANK-A-AST-0034,INFO,PHISHING,EDR,BANK-A-AST-0034,2026-07-27 16:23:18,2026-07-27 16:45:18,2026-07-28 12:36:18,CLOSED
BANK-A,BANK-A-ALT-00388,Phishing activity detected,Automated PHISHING alert on asset BANK-A-AST-0050,INFO,PHISHING,NDR,BANK-A-AST-0050,2026-08-26 23:55:46,2026-08-27 00:01:46,2026-08-27 08:20:46,CLOSED
BANK-A,BANK-A-ALT-00389,Dos activity detected,Automated DoS alert on asset BANK-A-AST-0015,LOW,DoS,EDR,BANK-A-AST-0015,2026-07-23 02:57:35,2026-07-23 03:17:35,2026-07-23 11:18:35,CLOSED
BANK-A,BANK-A-ALT-00390,Policy Violation activity detected,Automated POLICY_VIOLATION alert on asset BANK-A-AST-0025,LOW,POLICY_VIOLATION,SIEM,BANK-A-AST-0025,2026-07-08 17:27:57,2026-07-08 17:41:57,2026-07-09 00:33:57,CLOSED
BANK-A,BANK-A-ALT-00391,Policy Violation activity detected,Automated POLICY_VIOLATION alert on asset BANK-A-AST-0014,MEDIUM,POLICY_VIOLATION,NDR,BANK-A-AST-0014,2026-07-24 05:02:15,2026-07-24 05:21:15,2026-07-24 16:29:15,CLOSED
BANK-A,BANK-A-ALT-00392,Unauthorized Access activity detected,Automated UNAUTHORIZED_ACCESS alert on asset BANK-A-AST-0033,INFO,UNAUTHORIZED_ACCESS,SIEM,BANK-A-AST-0033,2026-08-29 07:09:35,2026-08-29 07:27:35,2026-08-29 19:21:35,CLOSED
BANK-A,BANK-A-ALT-00393,Phishing activity detected,Automated PHISHING alert on asset BANK-A-AST-0028,INFO,PHISHING,SIEM,BANK-A-AST-0028,2026-08-08 17:49:01,2026-08-08 17:57:01,2026-08-08 21:48:01,CLOSED
BANK-A,BANK-A-ALT-00394,Malware activity detected,Automated MALWARE alert on asset BANK-A-AST-0008,INFO,MALWARE,EDR,BANK-A-AST-0008,2026-09-02 23:39:24,2026-09-02 23:53:24,2026-09-03 00:56:24,CLOSED
BANK-A,BANK-A-ALT-00395,Dos activity detected,Automated DoS alert on asset BANK-A-AST-0009,MEDIUM,DoS,WAF,BANK-A-AST-0009,2026-07-07 18:23:35,2026-07-07 18:44:35,2026-07-08 14:50:35,CLOSED
BANK-A,BANK-A-ALT-00396,Malware activity detected,Automated MALWARE alert on asset BANK-A-AST-0020,LOW,MALWARE,EDR,BANK-A-AST-0020,2026-07-27 08:18:59,2026-07-27 08:37:59,2026-07-28 00:09:59,CLOSED
BANK-A,BANK-A-ALT-00397,Malware activity detected,Automated MALWARE alert on asset BANK-A-AST-0049,LOW,MALWARE,WAF,BANK-A-AST-0049,2026-09-17 11:17:59,2026-09-17 11:36:59,2026-09-17 21:00:59,CLOSED
BANK-A,BANK-A-ALT-00398,Insider Threat activity detected,Automated INSIDER_THREAT alert on asset BANK-A-AST-0024,LOW,INSIDER_THREAT,EDR,BANK-A-AST-0024,2026-09-29 19:09:31,2026-09-29 19:18:31,2026-09-29 22:55:31,CLOSED
BANK-A,BANK-A-ALT-00399,Config Change activity detected,Automated CONFIG_CHANGE alert on asset BANK-A-AST-0043,MEDIUM,CONFIG_CHANGE,EDR,BANK-A-AST-0043,2026-09-02 02:32:35,2026-09-02 02:50:35,2026-09-02 12:31:35,FALSE_POSITIVE
BANK-A,BANK-A-ALT-00400,Insider Threat activity detected,Automated INSIDER_THREAT alert on asset BANK-A-AST-0049,MEDIUM,INSIDER_THREAT,SIEM,BANK-A-AST-0049,2026-08-15 05:42:49,2026-08-15 05:56:49,2026-08-15 16:35:49,FALSE_POSITIVE
BANK-A,BANK-A-ALT-00401,Config Change activity detected,Automated CONFIG_CHANGE alert on asset BANK-A-AST-0047,LOW,CONFIG_CHANGE,WAF,BANK-A-AST-0047,2026-09-27 04:37:29,2026-09-27 04:43:29,2026-09-27 17:54:29,CLOSED
BANK-A,BANK-A-ALT-00402,Policy Violation activity detected,Automated POLICY_VIOLATION alert on asset BANK-A-AST-0047,LOW,POLICY_VIOLATION,EDR,BANK-A-AST-0047,2026-07-30 03:24:57,2026-07-30 03:44:57,2026-07-30 12:20:57,FALSE_POSITIVE
BANK-A,BANK-A-ALT-00403,Phishing activity detected,Automated PHISHING alert on asset BANK-A-AST-0002,HIGH,PHISHING,SIEM,BANK-A-AST-0002,2026-09-29 20:47:50,2026-09-29 21:15:50,2026-09-29 22:03:50,FALSE_POSITIVE
BANK-A,BANK-A-ALT-00404,Data Exfiltration activity detected,Automated DATA_EXFILTRATION alert on asset BANK-A-AST-0050,MEDIUM,DATA_EXFILTRATION,EDR,BANK-A-AST-0050,2026-08-23 10:32:25,2026-08-23 10:33:25,2026-08-23 14:12:25,CLOSED
BANK-A,BANK-A-ALT-00405,Data Exfiltration activity detected,Automated DATA_EXFILTRATION alert on asset BANK-A-AST-0049,HIGH,DATA_EXFILTRATION,EDR,BANK-A-AST-0049,2026-09-07 17:19:00,2026-09-07 17:22:00,2026-09-07 19:31:00,CLOSED
BANK-A,BANK-A-ALT-00406,Unauthorized Access activity detected,Automated UNAUTHORIZED_ACCESS alert on asset BANK-A-AST-0048,HIGH,UNAUTHORIZED_ACCESS,WAF,BANK-A-AST-0048,2026-09-07 11:53:18,2026-09-07 12:01:18,2026-09-07 16:18:18,CLOSED
BANK-A,BANK-A-ALT-00407,Dos activity detected,Automated DoS alert on asset BANK-A-AST-0059,MEDIUM,DoS,EDR,BANK-A-AST-0059,2026-07-05 17:21:34,2026-07-05 17:47:34,2026-07-06 05:58:34,CLOSED
BANK-A,BANK-A-ALT-00408,Insider Threat activity detected,Automated INSIDER_THREAT alert on asset BANK-A-AST-0051,LOW,INSIDER_THREAT,SIEM,BANK-A-AST-0051,2026-07-05 01:16:38,2026-07-05 01:37:38,2026-07-05 12:08:38,CLOSED
BANK-A,BANK-A-ALT-00409,Insider Threat activity detected,Automated INSIDER_THREAT alert on asset BANK-A-AST-0050,MEDIUM,INSIDER_THREAT,NDR,BANK-A-AST-0050,2026-08-17 10:49:35,2026-08-17 11:05:35,2026-08-17 13:14:35,CLOSED
BANK-A,BANK-A-ALT-00410,Dos activity detected,Automated DoS alert on asset BANK-A-AST-0020,LOW,DoS,NDR,BANK-A-AST-0020,2026-08-26 22:32:00,2026-08-26 22:34:00,2026-08-27 17:25:00,FALSE_POSITIVE
BANK-A,BANK-A-ALT-00411,Malware activity detected,Automated MALWARE alert on asset BANK-A-AST-0058,MEDIUM,MALWARE,NDR,BANK-A-AST-0058,2026-09-05 18:54:20,2026-09-05 18:58:20,2026-09-06 13:00:20,CLOSED
BANK-A,BANK-A-ALT-00412,Dos activity detected,Automated DoS alert on asset BANK-A-AST-0011,MEDIUM,DoS,SIEM,BANK-A-AST-0011,2026-07-10 10:38:06,2026-07-10 11:07:06,2026-07-10 20:23:06,CLOSED
BANK-A,BANK-A-ALT-00413,Dos activity detected,Automated DoS alert on asset BANK-A-AST-0019,MEDIUM,DoS,NDR,BANK-A-AST-0019,2026-09-29 16:16:23,2026-09-29 16:43:23,2026-09-29 23:06:23,CLOSED
BANK-A,BANK-A-ALT-00414,Insider Threat activity detected,Automated INSIDER_THREAT alert on asset BANK-A-AST-0008,MEDIUM,INSIDER_THREAT,NDR,BANK-A-AST-0008,2026-09-20 06:23:22,2026-09-20 06:30:22,2026-09-21 05:31:22,CLOSED
BANK-A,BANK-A-ALT-00415,Unauthorized Access activity detected,Automated UNAUTHORIZED_ACCESS alert on asset BANK-A-AST-0021,MEDIUM,UNAUTHORIZED_ACCESS,NDR,BANK-A-AST-0021,2026-09-26 12:11:19,2026-09-26 12:14:19,2026-09-27 07:34:19,CLOSED
BANK-A,BANK-A-ALT-00416,Policy Violation activity detected,Automated POLICY_VIOLATION alert on asset BANK-A-AST-0031,LOW,POLICY_VIOLATION,SIEM,BANK-A-AST-0031,2026-07-11 22:52:22,2026-07-11 23:12:22,2026-07-12 07:08:22,CLOSED
BANK-A,BANK-A-ALT-00417,Policy Violation activity detected,Automated POLICY_VIOLATION alert on asset BANK-A-AST-0043,INFO,POLICY_VIOLATION,NDR,BANK-A-AST-0043,2026-07-10 09:45:51,2026-07-10 09:53:51,2026-07-10 23:11:51,CLOSED
BANK-A,BANK-A-ALT-00418,Phishing activity detected,Automated PHISHING alert on asset BANK-A-AST-0031,MEDIUM,PHISHING,NDR,BANK-A-AST-0031,2026-09-09 07:00:34,2026-09-09 07:10:34,2026-09-09 13:44:34,CLOSED
BANK-A,BANK-A-ALT-00419,Data Exfiltration activity detected,Automated DATA_EXFILTRATION alert on asset BANK-A-AST-0015,LOW,DATA_EXFILTRATION,WAF,BANK-A-AST-0015,2026-09-10 09:36:16,2026-09-10 10:05:16,2026-09-10 17:29:16,CLOSED
BANK-A,BANK-A-ALT-00420,Unauthorized Access activity detected,Automated UNAUTHORIZED_ACCESS alert on asset BANK-A-AST-0032,MEDIUM,UNAUTHORIZED_ACCESS,NDR,BANK-A-AST-0032,2026-08-05 22:55:05,2026-08-05 23:00:05,2026-08-06 22:21:05,CLOSED
POWER-B,POWER-B-ALT-00001,Phishing activity detected,Automated PHISHING alert on asset POWER-B-AST-0016,MEDIUM,PHISHING,EDR,POWER-B-AST-0016,2026-07-04 09:42:26,2026-07-04 09:43:26,2026-07-04 15:25:26,CLOSED
POWER-B,POWER-B-ALT-00002,Config Change activity detected,Automated CONFIG_CHANGE alert on asset POWER-B-AST-0019,CRITICAL,CONFIG_CHANGE,NDR,POWER-B-AST-0019,2026-07-18 03:38:39,2026-07-18 03:45:39,2026-07-18 03:45:39,CLOSED
POWER-B,POWER-B-ALT-00003,Config Change activity detected,Automated CONFIG_CHANGE alert on asset POWER-B-AST-0043,CRITICAL,CONFIG_CHANGE,NDR,POWER-B-AST-0043,2026-07-30 00:16:53,2026-07-30 00:25:53,2026-07-30 00:25:53,FALSE_POSITIVE
POWER-B,POWER-B-ALT-00004,Policy Violation activity detected,Automated POLICY_VIOLATION alert on asset POWER-B-AST-0040,MEDIUM,POLICY_VIOLATION,EDR,POWER-B-AST-0040,2026-08-18 05:14:07,2026-08-18 05:29:07,2026-08-18 07:42:07,CLOSED
POWER-B,POWER-B-ALT-00005,Phishing activity detected,Automated PHISHING alert on asset POWER-B-AST-0041,HIGH,PHISHING,SIEM,POWER-B-AST-0041,2026-08-28 23:02:53,2026-08-28 23:16:53,2026-08-29 01:56:53,CLOSED
POWER-B,POWER-B-ALT-00006,Policy Violation activity detected,Automated POLICY_VIOLATION alert on asset POWER-B-AST-0045,HIGH,POLICY_VIOLATION,NDR,POWER-B-AST-0045,2026-08-26 05:42:17,2026-08-26 05:47:17,2026-08-26 05:59:17,FALSE_POSITIVE
POWER-B,POWER-B-ALT-00007,Unauthorized Access activity detected,Automated UNAUTHORIZED_ACCESS alert on asset POWER-B-AST-0039,HIGH,UNAUTHORIZED_ACCESS,EDR,POWER-B-AST-0039,2026-09-09 00:25:45,2026-09-09 00:29:45,2026-09-09 01:26:45,CLOSED
POWER-B,POWER-B-ALT-00008,Config Change activity detected,Automated CONFIG_CHANGE alert on asset POWER-B-AST-0022,MEDIUM,CONFIG_CHANGE,NDR,POWER-B-AST-0022,2026-07-02 18:37:46,2026-07-02 18:56:46,2026-07-03 03:54:46,CLOSED
POWER-B,POWER-B-ALT-00009,Dos activity detected,Automated DoS alert on asset POWER-B-AST-0014,MEDIUM,DoS,WAF,POWER-B-AST-0014,2026-07-16 18:05:31,2026-07-16 18:35:31,2026-07-17 16:09:31,CLOSED
POWER-B,POWER-B-ALT-00010,Dos activity detected,Automated DoS alert on asset POWER-B-AST-0043,MEDIUM,DoS,NDR,POWER-B-AST-0043,2026-07-15 04:29:24,2026-07-15 04:57:24,2026-07-15 07:15:24,CLOSED
POWER-B,POWER-B-ALT-00011,Policy Violation activity detected,Automated POLICY_VIOLATION alert on asset POWER-B-AST-0014,MEDIUM,POLICY_VIOLATION,SIEM,POWER-B-AST-0014,2026-08-25 02:13:33,2026-08-25 02:21:33,2026-08-25 18:32:33,FALSE_POSITIVE
POWER-B,POWER-B-ALT-00012,Config Change activity detected,Automated CONFIG_CHANGE alert on asset POWER-B-AST-0030,HIGH,CONFIG_CHANGE,EDR,POWER-B-AST-0030,2026-09-04 11:59:37,2026-09-04 12:21:37,2026-09-04 13:36:37,CLOSED
POWER-B,POWER-B-ALT-00013,Config Change activity detected,Automated CONFIG_CHANGE alert on asset POWER-B-AST-0013,HIGH,CONFIG_CHANGE,EDR,POWER-B-AST-0013,2026-07-26 08:53:49,2026-07-26 09:14:49,2026-07-26 12:45:49,CLOSED
POWER-B,POWER-B-ALT-00014,Unauthorized Access activity detected,Automated UNAUTHORIZED_ACCESS alert on asset POWER-B-AST-0035,INFO,UNAUTHORIZED_ACCESS,SIEM,POWER-B-AST-0035,2026-07-03 04:05:16,2026-07-03 04:17:16,2026-07-03 23:55:16,CLOSED
POWER-B,POWER-B-ALT-00015,Phishing activity detected,Automated PHISHING alert on asset POWER-B-AST-0015,HIGH,PHISHING,EDR,POWER-B-AST-0015,2026-07-10 20:14:44,2026-07-10 20:28:44,2026-07-10 20:54:44,CLOSED
POWER-B,POWER-B-ALT-00016,Malware activity detected,Automated MALWARE alert on asset POWER-B-AST-0026,LOW,MALWARE,NDR,POWER-B-AST-0026,2026-08-03 12:03:40,2026-08-03 12:09:40,2026-08-03 18:02:40,FALSE_POSITIVE
POWER-B,POWER-B-ALT-00017,Phishing activity detected,Automated PHISHING alert on asset POWER-B-AST-0026,HIGH,PHISHING,NDR,POWER-B-AST-0026,2026-09-11 03:41:52,2026-09-11 03:46:52,2026-09-11 07:31:52,CLOSED
POWER-B,POWER-B-ALT-00018,Unauthorized Access activity detected,Automated UNAUTHORIZED_ACCESS alert on asset POWER-B-AST-0032,LOW,UNAUTHORIZED_ACCESS,SIEM,POWER-B-AST-0032,2026-09-15 21:58:51,2026-09-15 22:02:51,2026-09-15 23:28:51,CLOSED
POWER-B,POWER-B-ALT-00019,Unauthorized Access activity detected,Automated UNAUTHORIZED_ACCESS alert on asset POWER-B-AST-0018,MEDIUM,UNAUTHORIZED_ACCESS,NDR,POWER-B-AST-0018,2026-09-19 09:46:14,2026-09-19 09:48:14,2026-09-19 15:57:14,FALSE_POSITIVE
POWER-B,POWER-B-ALT-00020,Unauthorized Access activity detected,Automated UNAUTHORIZED_ACCESS alert on asset POWER-B-AST-0034,MEDIUM,UNAUTHORIZED_ACCESS,NDR,POWER-B-AST-0034,2026-07-30 15:20:09,2026-07-30 15:39:09,2026-07-31 13:22:09,CLOSED
POWER-B,POWER-B-ALT-00021,Malware activity detected,Automated MALWARE alert on asset POWER-B-AST-0010,MEDIUM,MALWARE,SIEM,POWER-B-AST-0010,2026-07-15 03:15:07,2026-07-15 03:36:07,2026-07-15 23:34:07,CLOSED
POWER-B,POWER-B-ALT-00022,Unauthorized Access activity detected,Automated UNAUTHORIZED_ACCESS alert on asset POWER-B-AST-0016,MEDIUM,UNAUTHORIZED_ACCESS,WAF,POWER-B-AST-0016,2026-07-08 01:31:05,2026-07-08 01:59:05,2026-07-09 01:11:05,CLOSED
POWER-B,POWER-B-ALT-00023,Malware activity detected,Automated MALWARE alert on asset POWER-B-AST-0009,LOW,MALWARE,WAF,POWER-B-AST-0009,2026-08-06 19:35:10,2026-08-06 19:40:10,2026-08-07 12:41:10,CLOSED
POWER-B,POWER-B-ALT-00024,Config Change activity detected,Automated CONFIG_CHANGE alert on asset POWER-B-AST-0045,LOW,CONFIG_CHANGE,WAF,POWER-B-AST-0045,2026-09-27 22:43:06,2026-09-27 23:12:06,2026-09-28 03:40:06,FALSE_POSITIVE
POWER-B,POWER-B-ALT-00025,Data Exfiltration activity detected,Automated DATA_EXFILTRATION alert on asset POWER-B-AST-0010,MEDIUM,DATA_EXFILTRATION,WAF,POWER-B-AST-0010,2026-07-19 16:15:24,2026-07-19 16:32:24,2026-07-20 04:18:24,CLOSED
POWER-B,POWER-B-ALT-00026,Malware activity detected,Automated MALWARE alert on asset POWER-B-AST-0013,HIGH,MALWARE,WAF,POWER-B-AST-0013,2026-08-19 12:35:18,2026-08-19 12:36:18,2026-08-19 16:29:18,FALSE_POSITIVE
POWER-B,POWER-B-ALT-00027,Config Change activity detected,Automated CONFIG_CHANGE alert on asset POWER-B-AST-0010,INFO,CONFIG_CHANGE,WAF,POWER-B-AST-0010,2026-09-06 14:30:22,2026-09-06 14:51:22,2026-09-06 20:02:22,CLOSED
POWER-B,POWER-B-ALT-00028,Policy Violation activity detected,Automated POLICY_VIOLATION alert on asset POWER-B-AST-0036,MEDIUM,POLICY_VIOLATION,NDR,POWER-B-AST-0036,2026-08-03 21:46:59,2026-08-03 22:12:59,2026-08-04 07:59:59,FALSE_POSITIVE
POWER-B,POWER-B-ALT-00029,Phishing activity detected,Automated PHISHING alert on asset POWER-B-AST-0006,MEDIUM,PHISHING,WAF,POWER-B-AST-0006,2026-09-03 19:15:30,2026-09-03 19:38:30,2026-09-04 14:37:30,CLOSED
POWER-B,POWER-B-ALT-00030,Config Change activity detected,Automated CONFIG_CHANGE alert on asset POWER-B-AST-0040,LOW,CONFIG_CHANGE,EDR,POWER-B-AST-0040,2026-07-16 18:16:39,2026-07-16 18:22:39,2026-07-16 19:43:39,CLOSED
POWER-B,POWER-B-ALT-00031,Malware activity detected,Automated MALWARE alert on asset POWER-B-AST-0045,MEDIUM,MALWARE,SIEM,POWER-B-AST-0045,2026-08-14 00:29:18,2026-08-14 00:30:18,2026-08-14 07:29:18,CLOSED
POWER-B,POWER-B-ALT-00032,Config Change activity detected,Automated CONFIG_CHANGE alert on asset POWER-B-AST-0044,MEDIUM,CONFIG_CHANGE,EDR,POWER-B-AST-0044,2026-08-20 07:28:56,2026-08-20 07:37:56,2026-08-20 22:48:56,CLOSED
POWER-B,POWER-B-ALT-00033,Config Change activity detected,Automated CONFIG_CHANGE alert on asset POWER-B-AST-0029,MEDIUM,CONFIG_CHANGE,NDR,POWER-B-AST-0029,2026-07-16 19:21:04,2026-07-16 19:48:04,2026-07-17 07:06:04,CLOSED
POWER-B,POWER-B-ALT-00034,Config Change activity detected,Automated CONFIG_CHANGE alert on asset POWER-B-AST-0011,CRITICAL,CONFIG_CHANGE,SIEM,POWER-B-AST-0011,2026-07-18 00:55:09,2026-07-18 01:22:09,2026-07-18 01:53:09,CLOSED
POWER-B,POWER-B-ALT-00035,Config Change activity detected,Automated CONFIG_CHANGE alert on asset POWER-B-AST-0036,INFO,CONFIG_CHANGE,NDR,POWER-B-AST-0036,2026-09-23 19:18:29,2026-09-23 19:31:29,2026-09-24 04:47:29,CLOSED
POWER-B,POWER-B-ALT-00036,Unauthorized Access activity detected,Automated UNAUTHORIZED_ACCESS alert on asset POWER-B-AST-0010,LOW,UNAUTHORIZED_ACCESS,NDR,POWER-B-AST-0010,2026-08-06 21:55:29,2026-08-06 22:20:29,2026-08-07 13:51:29,CLOSED
POWER-B,POWER-B-ALT-00037,Malware activity detected,Automated MALWARE alert on asset POWER-B-AST-0033,MEDIUM,MALWARE,NDR,POWER-B-AST-0033,2026-09-17 08:15:22,2026-09-17 08:31:22,2026-09-17 11:12:22,CLOSED
POWER-B,POWER-B-ALT-00038,Policy Violation activity detected,Automated POLICY_VIOLATION alert on asset POWER-B-AST-0037,MEDIUM,POLICY_VIOLATION,NDR,POWER-B-AST-0037,2026-07-01 00:52:42,2026-07-01 01:05:42,2026-07-02 00:04:42,FALSE_POSITIVE
POWER-B,POWER-B-ALT-00039,Insider Threat activity detected,Automated INSIDER_THREAT alert on asset POWER-B-AST-0031,MEDIUM,INSIDER_THREAT,WAF,POWER-B-AST-0031,2026-09-28 05:24:17,2026-09-28 05:31:17,2026-09-28 20:50:17,CLOSED
POWER-B,POWER-B-ALT-00040,Config Change activity detected,Automated CONFIG_CHANGE alert on asset POWER-B-AST-0001,HIGH,CONFIG_CHANGE,WAF,POWER-B-AST-0001,2026-08-21 12:51:29,2026-08-21 12:53:29,2026-08-21 13:18:29,FALSE_POSITIVE
POWER-B,POWER-B-ALT-00041,Unauthorized Access activity detected,Automated UNAUTHORIZED_ACCESS alert on asset POWER-B-AST-0001,LOW,UNAUTHORIZED_ACCESS,NDR,POWER-B-AST-0001,2026-07-21 16:04:36,2026-07-21 16:07:36,2026-07-21 17:59:36,CLOSED
POWER-B,POWER-B-ALT-00042,Unauthorized Access activity detected,Automated UNAUTHORIZED_ACCESS alert on asset POWER-B-AST-0003,MEDIUM,UNAUTHORIZED_ACCESS,SIEM,POWER-B-AST-0003,2026-09-03 06:39:02,2026-09-03 06:49:02,2026-09-04 04:52:02,CLOSED
POWER-B,POWER-B-ALT-00043,Phishing activity detected,Automated PHISHING alert on asset POWER-B-AST-0022,INFO,PHISHING,WAF,POWER-B-AST-0022,2026-09-06 01:42:06,2026-09-06 01:59:06,2026-09-06 06:35:06,FALSE_POSITIVE
POWER-B,POWER-B-ALT-00044,Config Change activity detected,Automated CONFIG_CHANGE alert on asset POWER-B-AST-0035,LOW,CONFIG_CHANGE,WAF,POWER-B-AST-0035,2026-09-09 02:59:56,2026-09-09 03:04:56,2026-09-09 21:25:56,CLOSED
POWER-B,POWER-B-ALT-00045,Config Change activity detected,Automated CONFIG_CHANGE alert on asset POWER-B-AST-0012,MEDIUM,CONFIG_CHANGE,NDR,POWER-B-AST-0012,2026-08-04 16:52:32,2026-08-04 17:04:32,2026-08-04 23:19:32,CLOSED
POWER-B,POWER-B-ALT-00046,Policy Violation activity detected,Automated POLICY_VIOLATION alert on asset POWER-B-AST-0011,LOW,POLICY_VIOLATION,WAF,POWER-B-AST-0011,2026-08-24 02:17:00,2026-08-24 02:37:00,2026-08-24 11:47:00,CLOSED
POWER-B,POWER-B-ALT-00047,Policy Violation activity detected,Automated POLICY_VIOLATION alert on asset POWER-B-AST-0045,MEDIUM,POLICY_VIOLATION,EDR,POWER-B-AST-0045,2026-09-28 10:22:17,2026-09-28 10:35:17,2026-09-28 20:40:17,FALSE_POSITIVE
POWER-B,POWER-B-ALT-00048,Phishing activity detected,Automated PHISHING alert on asset POWER-B-AST-0001,HIGH,PHISHING,EDR,POWER-B-AST-0001,2026-08-15 15:07:35,2026-08-15 15:21:35,2026-08-15 15:35:35,CLOSED
POWER-B,POWER-B-ALT-00049,Unauthorized Access activity detected,Automated UNAUTHORIZED_ACCESS alert on asset POWER-B-AST-0040,HIGH,UNAUTHORIZED_ACCESS,SIEM,POWER-B-AST-0040,2026-09-15 05:19:47,2026-09-15 05:47:47,2026-09-15 06:49:47,CLOSED
POWER-B,POWER-B-ALT-00050,Unauthorized Access activity detected,Automated UNAUTHORIZED_ACCESS alert on asset POWER-B-AST-0036,LOW,UNAUTHORIZED_ACCESS,EDR,POWER-B-AST-0036,2026-07-29 20:37:58,2026-07-29 20:50:58,2026-07-30 16:14:58,CLOSED
POWER-B,POWER-B-ALT-00051,Malware activity detected,Automated MALWARE alert on asset POWER-B-AST-0044,LOW,MALWARE,EDR,POWER-B-AST-0044,2026-08-24 06:52:24,2026-08-24 07:10:24,2026-08-24 17:30:24,CLOSED
POWER-B,POWER-B-ALT-00052,Policy Violation activity detected,Automated POLICY_VIOLATION alert on asset POWER-B-AST-0027,INFO,POLICY_VIOLATION,WAF,POWER-B-AST-0027,2026-08-08 07:54:37,2026-08-08 07:57:37,2026-08-09 00:41:37,CLOSED
POWER-B,POWER-B-ALT-00053,Policy Violation activity detected,Automated POLICY_VIOLATION alert on asset POWER-B-AST-0045,INFO,POLICY_VIOLATION,WAF,POWER-B-AST-0045,2026-09-13 19:36:35,2026-09-13 19:56:35,2026-09-14 02:31:35,CLOSED
POWER-B,POWER-B-ALT-00054,Phishing activity detected,Automated PHISHING alert on asset POWER-B-AST-0010,LOW,PHISHING,SIEM,POWER-B-AST-0010,2026-08-18 22:00:57,2026-08-18 22:29:57,2026-08-19 17:28:57,CLOSED
POWER-B,POWER-B-ALT-00055,Config Change activity detected,Automated CONFIG_CHANGE alert on asset POWER-B-AST-0006,MEDIUM,CONFIG_CHANGE,NDR,POWER-B-AST-0006,2026-08-09 23:22:36,2026-08-09 23:44:36,2026-08-10 04:48:36,CLOSED
POWER-B,POWER-B-ALT-00056,Config Change activity detected,Automated CONFIG_CHANGE alert on asset POWER-B-AST-0030,LOW,CONFIG_CHANGE,EDR,POWER-B-AST-0030,2026-08-26 23:09:02,2026-08-26 23:26:02,2026-08-27 00:38:02,CLOSED
POWER-B,POWER-B-ALT-00057,Policy Violation activity detected,Automated POLICY_VIOLATION alert on asset POWER-B-AST-0015,MEDIUM,POLICY_VIOLATION,EDR,POWER-B-AST-0015,2026-08-13 17:41:10,2026-08-13 17:44:10,2026-08-14 07:54:10,CLOSED
POWER-B,POWER-B-ALT-00058,Phishing activity detected,Automated PHISHING alert on asset POWER-B-AST-0003,HIGH,PHISHING,NDR,POWER-B-AST-0003,2026-08-26 09:19:18,2026-08-26 09:40:18,2026-08-26 10:40:18,CLOSED
POWER-B,POWER-B-ALT-00059,Data Exfiltration activity detected,Automated DATA_EXFILTRATION alert on asset POWER-B-AST-0030,MEDIUM,DATA_EXFILTRATION,NDR,POWER-B-AST-0030,2026-07-29 16:30:32,2026-07-29 16:48:32,2026-07-30 11:39:32,CLOSED
POWER-B,POWER-B-ALT-00060,Policy Violation activity detected,Automated POLICY_VIOLATION alert on asset POWER-B-AST-0010,LOW,POLICY_VIOLATION,WAF,POWER-B-AST-0010,2026-08-18 22:35:06,2026-08-18 22:40:06,2026-08-19 19:32:06,CLOSED
POWER-B,POWER-B-ALT-00061,Policy Violation activity detected,Automated POLICY_VIOLATION alert on asset POWER-B-AST-0033,HIGH,POLICY_VIOLATION,NDR,POWER-B-AST-0033,2026-08-29 18:20:57,2026-08-29 18:26:57,2026-08-29 22:01:57,CLOSED
POWER-B,POWER-B-ALT-00062,Phishing activity detected,Automated PHISHING alert on asset POWER-B-AST-0035,CRITICAL,PHISHING,WAF,POWER-B-AST-0035,2026-07-14 01:07:10,2026-07-14 01:27:10,2026-07-14 02:02:10,CLOSED
POWER-B,POWER-B-ALT-00063,Insider Threat activity detected,Automated INSIDER_THREAT alert on asset POWER-B-AST-0017,HIGH,INSIDER_THREAT,EDR,POWER-B-AST-0017,2026-09-21 17:29:21,2026-09-21 17:48:21,2026-09-21 18:28:21,CLOSED
POWER-B,POWER-B-ALT-00064,Malware activity detected,Automated MALWARE alert on asset POWER-B-AST-0044,LOW,MALWARE,SIEM,POWER-B-AST-0044,2026-07-24 16:46:06,2026-07-24 17:12:06,2026-07-24 17:54:06,CLOSED
POWER-B,POWER-B-ALT-00065,Dos activity detected,Automated DoS alert on asset POWER-B-AST-0030,LOW,DoS,SIEM,POWER-B-AST-0030,2026-07-12 11:14:25,2026-07-12 11:43:25,2026-07-12 19:09:25,CLOSED
POWER-B,POWER-B-ALT-00066,Phishing activity detected,Automated PHISHING alert on asset POWER-B-AST-0002,HIGH,PHISHING,SIEM,POWER-B-AST-0002,2026-07-05 20:12:18,2026-07-05 20:37:18,2026-07-05 23:23:18,CLOSED
POWER-B,POWER-B-ALT-00067,Phishing activity detected,Automated PHISHING alert on asset POWER-B-AST-0042,MEDIUM,PHISHING,SIEM,POWER-B-AST-0042,2026-07-12 10:40:36,2026-07-12 11:04:36,2026-07-13 01:22:36,CLOSED
POWER-B,POWER-B-ALT-00068,Unauthorized Access activity detected,Automated UNAUTHORIZED_ACCESS alert on asset POWER-B-AST-0033,HIGH,UNAUTHORIZED_ACCESS,EDR,POWER-B-AST-0033,2026-07-12 12:04:21,2026-07-12 12:14:21,2026-07-12 13:25:21,CLOSED
POWER-B,POWER-B-ALT-00069,Phishing activity detected,Automated PHISHING alert on asset POWER-B-AST-0005,MEDIUM,PHISHING,EDR,POWER-B-AST-0005,2026-09-16 08:49:51,2026-09-16 09:12:51,2026-09-16 10:47:51,CLOSED
POWER-B,POWER-B-ALT-00070,Unauthorized Access activity detected,Automated UNAUTHORIZED_ACCESS alert on asset POWER-B-AST-0025,HIGH,UNAUTHORIZED_ACCESS,WAF,POWER-B-AST-0025,2026-07-19 19:23:01,2026-07-19 19:27:01,2026-07-19 22:24:01,CLOSED
POWER-B,POWER-B-ALT-00071,Policy Violation activity detected,Automated POLICY_VIOLATION alert on asset POWER-B-AST-0034,CRITICAL,POLICY_VIOLATION,SIEM,POWER-B-AST-0034,2026-09-09 19:52:01,2026-09-09 19:53:01,2026-09-09 19:55:01,CLOSED
POWER-B,POWER-B-ALT-00072,Unauthorized Access activity detected,Automated UNAUTHORIZED_ACCESS alert on asset POWER-B-AST-0012,HIGH,UNAUTHORIZED_ACCESS,SIEM,POWER-B-AST-0012,2026-09-04 02:53:27,2026-09-04 03:01:27,2026-09-04 06:02:27,CLOSED
POWER-B,POWER-B-ALT-00073,Policy Violation activity detected,Automated POLICY_VIOLATION alert on asset POWER-B-AST-0018,LOW,POLICY_VIOLATION,EDR,POWER-B-AST-0018,2026-09-24 16:25:34,2026-09-24 16:34:34,2026-09-25 06:06:34,CLOSED
POWER-B,POWER-B-ALT-00074,Config Change activity detected,Automated CONFIG_CHANGE alert on asset POWER-B-AST-0022,HIGH,CONFIG_CHANGE,SIEM,POWER-B-AST-0022,2026-08-24 11:21:05,2026-08-24 11:39:05,2026-08-24 14:24:05,CLOSED
POWER-B,POWER-B-ALT-00075,Malware activity detected,Automated MALWARE alert on asset POWER-B-AST-0009,INFO,MALWARE,SIEM,POWER-B-AST-0009,2026-07-28 02:32:51,2026-07-28 02:36:51,2026-07-28 07:08:51,CLOSED
POWER-B,POWER-B-ALT-00076,Unauthorized Access activity detected,Automated UNAUTHORIZED_ACCESS alert on asset POWER-B-AST-0040,INFO,UNAUTHORIZED_ACCESS,EDR,POWER-B-AST-0040,2026-08-16 16:50:30,2026-08-16 16:52:30,2026-08-17 04:29:30,CLOSED
POWER-B,POWER-B-ALT-00077,Phishing activity detected,Automated PHISHING alert on asset POWER-B-AST-0036,LOW,PHISHING,EDR,POWER-B-AST-0036,2026-08-16 07:11:56,2026-08-16 07:31:56,2026-08-16 22:50:56,CLOSED
POWER-B,POWER-B-ALT-00078,Dos activity detected,Automated DoS alert on asset POWER-B-AST-0004,LOW,DoS,SIEM,POWER-B-AST-0004,2026-07-15 01:20:50,2026-07-15 01:48:50,2026-07-15 19:09:50,CLOSED
POWER-B,POWER-B-ALT-00079,Unauthorized Access activity detected,Automated UNAUTHORIZED_ACCESS alert on asset POWER-B-AST-0011,HIGH,UNAUTHORIZED_ACCESS,EDR,POWER-B-AST-0011,2026-08-26 13:06:31,2026-08-26 13:07:31,2026-08-26 16:02:31,CLOSED
POWER-B,POWER-B-ALT-00080,Config Change activity detected,Automated CONFIG_CHANGE alert on asset POWER-B-AST-0014,LOW,CONFIG_CHANGE,WAF,POWER-B-AST-0014,2026-07-14 15:33:33,2026-07-14 15:58:33,2026-07-14 18:30:33,CLOSED
POWER-B,POWER-B-ALT-00081,Config Change activity detected,Automated CONFIG_CHANGE alert on asset POWER-B-AST-0017,HIGH,CONFIG_CHANGE,WAF,POWER-B-AST-0017,2026-08-12 16:18:57,2026-08-12 16:42:57,2026-08-12 19:58:57,CLOSED
POWER-B,POWER-B-ALT-00082,Policy Violation activity detected,Automated POLICY_VIOLATION alert on asset POWER-B-AST-0011,MEDIUM,POLICY_VIOLATION,NDR,POWER-B-AST-0011,2026-08-04 19:10:26,2026-08-04 19:24:26,2026-08-05 04:00:26,CLOSED
POWER-B,POWER-B-ALT-00083,Policy Violation activity detected,Automated POLICY_VIOLATION alert on asset POWER-B-AST-0026,CRITICAL,POLICY_VIOLATION,SIEM,POWER-B-AST-0026,2026-08-18 13:11:54,2026-08-18 13:13:54,2026-08-18 13:14:54,CLOSED
POWER-B,POWER-B-ALT-00084,Phishing activity detected,Automated PHISHING alert on asset POWER-B-AST-0015,LOW,PHISHING,SIEM,POWER-B-AST-0015,2026-08-26 18:00:28,2026-08-26 18:25:28,2026-08-26 19:33:28,FALSE_POSITIVE
POWER-B,POWER-B-ALT-00085,Dos activity detected,Automated DoS alert on asset POWER-B-AST-0023,LOW,DoS,WAF,POWER-B-AST-0023,2026-07-28 07:15:02,2026-07-28 07:22:02,2026-07-29 02:13:02,CLOSED
POWER-B,POWER-B-ALT-00086,Policy Violation activity detected,Automated POLICY_VIOLATION alert on asset POWER-B-AST-0034,MEDIUM,POLICY_VIOLATION,NDR,POWER-B-AST-0034,2026-09-13 03:37:45,2026-09-13 04:07:45,2026-09-14 00:58:45,CLOSED
POWER-B,POWER-B-ALT-00087,Unauthorized Access activity detected,Automated UNAUTHORIZED_ACCESS alert on asset POWER-B-AST-0010,MEDIUM,UNAUTHORIZED_ACCESS,WAF,POWER-B-AST-0010,2026-09-05 14:59:46,2026-09-05 15:09:46,2026-09-06 12:24:46,CLOSED
POWER-B,POWER-B-ALT-00088,Dos activity detected,Automated DoS alert on asset POWER-B-AST-0021,MEDIUM,DoS,EDR,POWER-B-AST-0021,2026-09-16 07:32:59,2026-09-16 07:43:59,2026-09-16 13:47:59,CLOSED
POWER-B,POWER-B-ALT-00089,Unauthorized Access activity detected,Automated UNAUTHORIZED_ACCESS alert on asset POWER-B-AST-0042,LOW,UNAUTHORIZED_ACCESS,EDR,POWER-B-AST-0042,2026-09-27 20:01:39,2026-09-27 20:02:39,2026-09-27 22:32:39,FALSE_POSITIVE
POWER-B,POWER-B-ALT-00090,Dos activity detected,Automated DoS alert on asset POWER-B-AST-0016,MEDIUM,DoS,NDR,POWER-B-AST-0016,2026-09-17 13:11:37,2026-09-17 13:31:37,2026-09-17 21:42:37,CLOSED
POWER-B,POWER-B-ALT-00091,Dos activity detected,Automated DoS alert on asset POWER-B-AST-0008,MEDIUM,DoS,EDR,POWER-B-AST-0008,2026-07-10 22:08:25,2026-07-10 22:37:25,2026-07-11 13:46:25,CLOSED
POWER-B,POWER-B-ALT-00092,Config Change activity detected,Automated CONFIG_CHANGE alert on asset POWER-B-AST-0032,LOW,CONFIG_CHANGE,EDR,POWER-B-AST-0032,2026-09-09 06:20:37,2026-09-09 06:28:37,2026-09-10 00:34:37,CLOSED
POWER-B,POWER-B-ALT-00093,Policy Violation activity detected,Automated POLICY_VIOLATION alert on asset POWER-B-AST-0027,MEDIUM,POLICY_VIOLATION,WAF,POWER-B-AST-0027,2026-09-16 12:15:05,2026-09-16 12:17:05,2026-09-17 10:07:05,FALSE_POSITIVE
POWER-B,POWER-B-ALT-00094,Policy Violation activity detected,Automated POLICY_VIOLATION alert on asset POWER-B-AST-0032,MEDIUM,POLICY_VIOLATION,WAF,POWER-B-AST-0032,2026-07-25 11:19:46,2026-07-25 11:31:46,2026-07-25 14:18:46,FALSE_POSITIVE
POWER-B,POWER-B-ALT-00095,Phishing activity detected,Automated PHISHING alert on asset POWER-B-AST-0015,CRITICAL,PHISHING,EDR,POWER-B-AST-0015,2026-07-23 16:54:19,2026-07-23 16:57:19,2026-07-23 16:59:19,CLOSED
POWER-B,POWER-B-ALT-00096,Policy Violation activity detected,Automated POLICY_VIOLATION alert on asset POWER-B-AST-0039,LOW,POLICY_VIOLATION,NDR,POWER-B-AST-0039,2026-08-14 05:38:39,2026-08-14 05:41:39,2026-08-15 04:48:39,CLOSED
POWER-B,POWER-B-ALT-00097,Policy Violation activity detected,Automated POLICY_VIOLATION alert on asset POWER-B-AST-0015,MEDIUM,POLICY_VIOLATION,EDR,POWER-B-AST-0015,2026-07-05 23:46:38,2026-07-06 00:04:38,2026-07-06 16:48:38,FALSE_POSITIVE
POWER-B,POWER-B-ALT-00098,Malware activity detected,Automated MALWARE alert on asset POWER-B-AST-0014,INFO,MALWARE,NDR,POWER-B-AST-0014,2026-08-26 21:23:13,2026-08-26 21:48:13,2026-08-27 02:02:13,CLOSED
POWER-B,POWER-B-ALT-00099,Phishing activity detected,Automated PHISHING alert on asset POWER-B-AST-0007,LOW,PHISHING,WAF,POWER-B-AST-0007,2026-09-20 12:54:35,2026-09-20 12:58:35,2026-09-21 12:15:35,CLOSED
POWER-B,POWER-B-ALT-00100,Config Change activity detected,Automated CONFIG_CHANGE alert on asset POWER-B-AST-0030,LOW,CONFIG_CHANGE,EDR,POWER-B-AST-0030,2026-09-06 16:18:03,2026-09-06 16:35:03,2026-09-07 10:38:03,CLOSED
POWER-B,POWER-B-ALT-00101,Phishing activity detected,Automated PHISHING alert on asset POWER-B-AST-0038,MEDIUM,PHISHING,NDR,POWER-B-AST-0038,2026-09-09 23:22:32,2026-09-09 23:48:32,2026-09-10 12:38:32,FALSE_POSITIVE
POWER-B,POWER-B-ALT-00102,Config Change activity detected,Automated CONFIG_CHANGE alert on asset POWER-B-AST-0041,HIGH,CONFIG_CHANGE,NDR,POWER-B-AST-0041,2026-09-25 05:31:48,2026-09-25 05:33:48,2026-09-25 06:23:48,CLOSED
POWER-B,POWER-B-ALT-00103,Insider Threat activity detected,Automated INSIDER_THREAT alert on asset POWER-B-AST-0007,MEDIUM,INSIDER_THREAT,SIEM,POWER-B-AST-0007,2026-09-18 16:00:13,2026-09-18 16:23:13,2026-09-18 23:39:13,CLOSED
POWER-B,POWER-B-ALT-00104,Insider Threat activity detected,Automated INSIDER_THREAT alert on asset POWER-B-AST-0020,INFO,INSIDER_THREAT,WAF,POWER-B-AST-0020,2026-07-11 20:41:47,2026-07-11 21:02:47,2026-07-12 04:28:47,CLOSED
POWER-B,POWER-B-ALT-00105,Malware activity detected,Automated MALWARE alert on asset POWER-B-AST-0013,HIGH,MALWARE,EDR,POWER-B-AST-0013,2026-09-19 10:25:03,2026-09-19 10:50:03,2026-09-19 12:22:03,CLOSED
POWER-B,POWER-B-ALT-00106,Unauthorized Access activity detected,Automated UNAUTHORIZED_ACCESS alert on asset POWER-B-AST-0039,MEDIUM,UNAUTHORIZED_ACCESS,WAF,POWER-B-AST-0039,2026-09-06 13:44:13,2026-09-06 14:01:13,2026-09-07 02:05:13,CLOSED
POWER-B,POWER-B-ALT-00107,Insider Threat activity detected,Automated INSIDER_THREAT alert on asset POWER-B-AST-0026,HIGH,INSIDER_THREAT,EDR,POWER-B-AST-0026,2026-07-05 00:38:44,2026-07-05 00:45:44,2026-07-05 04:24:44,CLOSED
POWER-B,POWER-B-ALT-00108,Config Change activity detected,Automated CONFIG_CHANGE alert on asset POWER-B-AST-0003,HIGH,CONFIG_CHANGE,EDR,POWER-B-AST-0003,2026-07-20 05:59:28,2026-07-20 06:19:28,2026-07-20 08:27:28,CLOSED
POWER-B,POWER-B-ALT-00109,Config Change activity detected,Automated CONFIG_CHANGE alert on asset POWER-B-AST-0043,MEDIUM,CONFIG_CHANGE,NDR,POWER-B-AST-0043,2026-07-08 00:45:15,2026-07-08 00:53:15,2026-07-08 16:31:15,FALSE_POSITIVE
POWER-B,POWER-B-ALT-00110,Config Change activity detected,Automated CONFIG_CHANGE alert on asset POWER-B-AST-0022,HIGH,CONFIG_CHANGE,SIEM,POWER-B-AST-0022,2026-07-03 17:14:03,2026-07-03 17:41:03,2026-07-03 19:18:03,CLOSED
POWER-B,POWER-B-ALT-00111,Policy Violation activity detected,Automated POLICY_VIOLATION alert on asset POWER-B-AST-0035,MEDIUM,POLICY_VIOLATION,EDR,POWER-B-AST-0035,2026-07-26 12:10:05,2026-07-26 12:16:05,2026-07-27 00:57:05,CLOSED
POWER-B,POWER-B-ALT-00112,Unauthorized Access activity detected,Automated UNAUTHORIZED_ACCESS alert on asset POWER-B-AST-0030,MEDIUM,UNAUTHORIZED_ACCESS,WAF,POWER-B-AST-0030,2026-09-30 10:24:30,2026-09-30 10:45:30,2026-10-01 04:06:30,CLOSED
POWER-B,POWER-B-ALT-00113,Malware activity detected,Automated MALWARE alert on asset POWER-B-AST-0009,HIGH,MALWARE,WAF,POWER-B-AST-0009,2026-07-16 00:30:24,2026-07-16 00:41:24,2026-07-16 03:46:24,CLOSED
POWER-B,POWER-B-ALT-00114,Policy Violation activity detected,Automated POLICY_VIOLATION alert on asset POWER-B-AST-0004,HIGH,POLICY_VIOLATION,NDR,POWER-B-AST-0004,2026-07-30 14:31:37,2026-07-30 14:57:37,2026-07-30 14:57:37,CLOSED
POWER-B,POWER-B-ALT-00115,Data Exfiltration activity detected,Automated DATA_EXFILTRATION alert on asset POWER-B-AST-0042,MEDIUM,DATA_EXFILTRATION,SIEM,POWER-B-AST-0042,2026-08-17 11:06:08,2026-08-17 11:09:08,2026-08-17 19:46:08,CLOSED
POWER-B,POWER-B-ALT-00116,Data Exfiltration activity detected,Automated DATA_EXFILTRATION alert on asset POWER-B-AST-0007,LOW,DATA_EXFILTRATION,NDR,POWER-B-AST-0007,2026-07-27 06:35:49,2026-07-27 06:56:49,2026-07-27 20:47:49,CLOSED
POWER-B,POWER-B-ALT-00117,Policy Violation activity detected,Automated POLICY_VIOLATION alert on asset POWER-B-AST-0041,MEDIUM,POLICY_VIOLATION,SIEM,POWER-B-AST-0041,2026-09-14 05:36:14,2026-09-14 05:54:14,2026-09-15 01:07:14,CLOSED
POWER-B,POWER-B-ALT-00118,Insider Threat activity detected,Automated INSIDER_THREAT alert on asset POWER-B-AST-0031,MEDIUM,INSIDER_THREAT,NDR,POWER-B-AST-0031,2026-08-30 22:40:09,2026-08-30 22:49:09,2026-08-31 21:48:09,CLOSED
POWER-B,POWER-B-ALT-00119,Malware activity detected,Automated MALWARE alert on asset POWER-B-AST-0012,CRITICAL,MALWARE,EDR,POWER-B-AST-0012,2026-08-23 20:27:26,2026-08-23 20:30:26,2026-08-23 20:32:26,CLOSED
POWER-B,POWER-B-ALT-00120,Config Change activity detected,Automated CONFIG_CHANGE alert on asset POWER-B-AST-0028,LOW,CONFIG_CHANGE,NDR,POWER-B-AST-0028,2026-09-30 15:30:28,2026-09-30 15:42:28,2026-10-01 12:43:28,CLOSED
POWER-B,POWER-B-ALT-00121,Config Change activity detected,Automated CONFIG_CHANGE alert on asset POWER-B-AST-0036,HIGH,CONFIG_CHANGE,EDR,POWER-B-AST-0036,2026-08-06 01:09:31,2026-08-06 01:25:31,2026-08-06 04:52:31,CLOSED
POWER-B,POWER-B-ALT-00122,Phishing activity detected,Automated PHISHING alert on asset POWER-B-AST-0033,MEDIUM,PHISHING,WAF,POWER-B-AST-0033,2026-08-25 19:49:59,2026-08-25 19:57:59,2026-08-26 09:52:59,CLOSED
POWER-B,POWER-B-ALT-00123,Policy Violation activity detected,Automated POLICY_VIOLATION alert on asset POWER-B-AST-0015,MEDIUM,POLICY_VIOLATION,EDR,POWER-B-AST-0015,2026-09-26 18:45:36,2026-09-26 18:56:36,2026-09-27 13:42:36,FALSE_POSITIVE
POWER-B,POWER-B-ALT-00124,Malware activity detected,Automated MALWARE alert on asset POWER-B-AST-0039,LOW,MALWARE,WAF,POWER-B-AST-0039,2026-08-21 23:23:41,2026-08-21 23:38:41,2026-08-22 13:27:41,CLOSED
POWER-B,POWER-B-ALT-00125,Config Change activity detected,Automated CONFIG_CHANGE alert on asset POWER-B-AST-0028,LOW,CONFIG_CHANGE,SIEM,POWER-B-AST-0028,2026-08-02 07:05:26,2026-08-02 07:10:26,2026-08-03 00:27:26,CLOSED
POWER-B,POWER-B-ALT-00126,Policy Violation activity detected,Automated POLICY_VIOLATION alert on asset POWER-B-AST-0036,MEDIUM,POLICY_VIOLATION,SIEM,POWER-B-AST-0036,2026-08-04 20:57:16,2026-08-04 21:21:16,2026-08-05 06:15:16,CLOSED
POWER-B,POWER-B-ALT-00127,Config Change activity detected,Automated CONFIG_CHANGE alert on asset POWER-B-AST-0038,LOW,CONFIG_CHANGE,WAF,POWER-B-AST-0038,2026-09-22 16:25:30,2026-09-22 16:46:30,2026-09-23 01:58:30,FALSE_POSITIVE
POWER-B,POWER-B-ALT-00128,Config Change activity detected,Automated CONFIG_CHANGE alert on asset POWER-B-AST-0042,MEDIUM,CONFIG_CHANGE,SIEM,POWER-B-AST-0042,2026-09-06 05:07:03,2026-09-06 05:27:03,2026-09-07 04:02:03,CLOSED
POWER-B,POWER-B-ALT-00129,Unauthorized Access activity detected,Automated UNAUTHORIZED_ACCESS alert on asset POWER-B-AST-0045,CRITICAL,UNAUTHORIZED_ACCESS,EDR,POWER-B-AST-0045,2026-09-19 11:02:31,2026-09-19 11:03:31,2026-09-19 11:05:31,FALSE_POSITIVE
POWER-B,POWER-B-ALT-00130,Policy Violation activity detected,Automated POLICY_VIOLATION alert on asset POWER-B-AST-0032,MEDIUM,POLICY_VIOLATION,WAF,POWER-B-AST-0032,2026-09-23 00:08:24,2026-09-23 00:38:24,2026-09-23 23:25:24,CLOSED
POWER-B,POWER-B-ALT-00131,Phishing activity detected,Automated PHISHING alert on asset POWER-B-AST-0016,CRITICAL,PHISHING,SIEM,POWER-B-AST-0016,2026-07-18 04:15:20,2026-07-18 04:22:20,2026-07-18 04:22:20,CLOSED
POWER-B,POWER-B-ALT-00132,Data Exfiltration activity detected,Automated DATA_EXFILTRATION alert on asset POWER-B-AST-0043,INFO,DATA_EXFILTRATION,WAF,POWER-B-AST-0043,2026-08-02 01:43:29,2026-08-02 02:08:29,2026-08-02 19:12:29,FALSE_POSITIVE
POWER-B,POWER-B-ALT-00133,Policy Violation activity detected,Automated POLICY_VIOLATION alert on asset POWER-B-AST-0026,HIGH,POLICY_VIOLATION,EDR,POWER-B-AST-0026,2026-08-02 01:07:19,2026-08-02 01:35:19,2026-08-02 03:38:19,CLOSED
POWER-B,POWER-B-ALT-00134,Data Exfiltration activity detected,Automated DATA_EXFILTRATION alert on asset POWER-B-AST-0028,MEDIUM,DATA_EXFILTRATION,WAF,POWER-B-AST-0028,2026-08-21 22:38:11,2026-08-21 23:08:11,2026-08-22 02:33:11,FALSE_POSITIVE
POWER-B,POWER-B-ALT-00135,Malware activity detected,Automated MALWARE alert on asset POWER-B-AST-0028,LOW,MALWARE,WAF,POWER-B-AST-0028,2026-07-12 16:27:37,2026-07-12 16:44:37,2026-07-12 21:02:37,FALSE_POSITIVE
POWER-B,POWER-B-ALT-00136,Insider Threat activity detected,Automated INSIDER_THREAT alert on asset POWER-B-AST-0004,MEDIUM,INSIDER_THREAT,NDR,POWER-B-AST-0004,2026-08-31 16:10:38,2026-08-31 16:30:38,2026-08-31 18:02:38,CLOSED
POWER-B,POWER-B-ALT-00137,Phishing activity detected,Automated PHISHING alert on asset POWER-B-AST-0034,CRITICAL,PHISHING,EDR,POWER-B-AST-0034,2026-09-26 12:10:01,2026-09-26 12:17:01,2026-09-26 12:21:01,FALSE_POSITIVE
POWER-B,POWER-B-ALT-00138,Config Change activity detected,Automated CONFIG_CHANGE alert on asset POWER-B-AST-0029,LOW,CONFIG_CHANGE,SIEM,POWER-B-AST-0029,2026-07-26 11:47:01,2026-07-26 12:16:01,2026-07-26 18:00:01,CLOSED
POWER-B,POWER-B-ALT-00139,Unauthorized Access activity detected,Automated UNAUTHORIZED_ACCESS alert on asset POWER-B-AST-0013,CRITICAL,UNAUTHORIZED_ACCESS,WAF,POWER-B-AST-0013,2026-07-01 11:53:21,2026-07-01 12:10:21,2026-07-01 13:36:21,CLOSED
POWER-B,POWER-B-ALT-00140,Policy Violation activity detected,Automated POLICY_VIOLATION alert on asset POWER-B-AST-0014,MEDIUM,POLICY_VIOLATION,EDR,POWER-B-AST-0014,2026-07-13 06:43:14,2026-07-13 07:05:14,2026-07-14 01:48:14,FALSE_POSITIVE
POWER-B,POWER-B-ALT-00141,Policy Violation activity detected,Automated POLICY_VIOLATION alert on asset POWER-B-AST-0020,MEDIUM,POLICY_VIOLATION,NDR,POWER-B-AST-0020,2026-08-15 10:14:59,2026-08-15 10:41:59,2026-08-16 04:44:59,CLOSED
POWER-B,POWER-B-ALT-00142,Malware activity detected,Automated MALWARE alert on asset POWER-B-AST-0025,CRITICAL,MALWARE,WAF,POWER-B-AST-0025,2026-09-29 08:03:37,2026-09-29 08:05:37,2026-09-29 08:06:37,CLOSED
POWER-B,POWER-B-ALT-00143,Dos activity detected,Automated DoS alert on asset POWER-B-AST-0037,LOW,DoS,NDR,POWER-B-AST-0037,2026-08-22 14:30:51,2026-08-22 14:47:51,2026-08-22 17:05:51,CLOSED
POWER-B,POWER-B-ALT-00144,Config Change activity detected,Automated CONFIG_CHANGE alert on asset POWER-B-AST-0016,MEDIUM,CONFIG_CHANGE,SIEM,POWER-B-AST-0016,2026-09-07 20:34:01,2026-09-07 20:56:01,2026-09-08 17:52:01,FALSE_POSITIVE
POWER-B,POWER-B-ALT-00145,Phishing activity detected,Automated PHISHING alert on asset POWER-B-AST-0031,MEDIUM,PHISHING,EDR,POWER-B-AST-0031,2026-09-10 03:17:18,2026-09-10 03:33:18,2026-09-10 16:58:18,FALSE_POSITIVE
POWER-B,POWER-B-ALT-00146,Phishing activity detected,Automated PHISHING alert on asset POWER-B-AST-0020,MEDIUM,PHISHING,EDR,POWER-B-AST-0020,2026-08-10 09:56:26,2026-08-10 10:24:26,2026-08-11 00:04:26,FALSE_POSITIVE
POWER-B,POWER-B-ALT-00147,Malware activity detected,Automated MALWARE alert on asset POWER-B-AST-0035,HIGH,MALWARE,WAF,POWER-B-AST-0035,2026-07-11 10:06:41,2026-07-11 10:18:41,2026-07-11 11:57:41,CLOSED
POWER-B,POWER-B-ALT-00148,Dos activity detected,Automated DoS alert on asset POWER-B-AST-0037,LOW,DoS,SIEM,POWER-B-AST-0037,2026-08-07 02:38:05,2026-08-07 02:41:05,2026-08-07 06:35:05,CLOSED
POWER-B,POWER-B-ALT-00149,Data Exfiltration activity detected,Automated DATA_EXFILTRATION alert on asset POWER-B-AST-0023,LOW,DATA_EXFILTRATION,WAF,POWER-B-AST-0023,2026-08-17 18:18:14,2026-08-17 18:35:14,2026-08-18 16:26:14,CLOSED
POWER-B,POWER-B-ALT-00150,Config Change activity detected,Automated CONFIG_CHANGE alert on asset POWER-B-AST-0036,MEDIUM,CONFIG_CHANGE,NDR,POWER-B-AST-0036,2026-08-31 15:48:44,2026-08-31 16:13:44,2026-09-01 14:55:44,FALSE_POSITIVE
POWER-B,POWER-B-ALT-00151,Phishing activity detected,Automated PHISHING alert on asset POWER-B-AST-0016,LOW,PHISHING,SIEM,POWER-B-AST-0016,2026-09-25 20:00:51,2026-09-25 20:19:51,2026-09-26 10:05:51,CLOSED
POWER-B,POWER-B-ALT-00152,Policy Violation activity detected,Automated POLICY_VIOLATION alert on asset POWER-B-AST-0015,HIGH,POLICY_VIOLATION,SIEM,POWER-B-AST-0015,2026-09-04 16:06:50,2026-09-04 16:30:50,2026-09-04 17:46:50,FALSE_POSITIVE
POWER-B,POWER-B-ALT-00153,Policy Violation activity detected,Automated POLICY_VIOLATION alert on asset POWER-B-AST-0041,MEDIUM,POLICY_VIOLATION,EDR,POWER-B-AST-0041,2026-08-03 21:43:03,2026-08-03 22:11:03,2026-08-04 07:15:03,CLOSED
POWER-B,POWER-B-ALT-00154,Phishing activity detected,Automated PHISHING alert on asset POWER-B-AST-0030,LOW,PHISHING,EDR,POWER-B-AST-0030,2026-09-04 17:57:07,2026-09-04 17:59:07,2026-09-05 07:45:07,CLOSED
POWER-B,POWER-B-ALT-00155,Dos activity detected,Automated DoS alert on asset POWER-B-AST-0043,HIGH,DoS,WAF,POWER-B-AST-0043,2026-07-01 16:27:30,2026-07-01 16:40:30,2026-07-01 18:45:30,CLOSED
POWER-B,POWER-B-ALT-00156,Config Change activity detected,Automated CONFIG_CHANGE alert on asset POWER-B-AST-0031,MEDIUM,CONFIG_CHANGE,NDR,POWER-B-AST-0031,2026-09-11 14:04:27,2026-09-11 14:26:27,2026-09-11 23:47:27,CLOSED
POWER-B,POWER-B-ALT-00157,Data Exfiltration activity detected,Automated DATA_EXFILTRATION alert on asset POWER-B-AST-0024,CRITICAL,DATA_EXFILTRATION,WAF,POWER-B-AST-0024,2026-07-16 13:12:57,2026-07-16 13:19:57,2026-07-16 13:25:57,FALSE_POSITIVE
POWER-B,POWER-B-ALT-00158,Dos activity detected,Automated DoS alert on asset POWER-B-AST-0021,MEDIUM,DoS,NDR,POWER-B-AST-0021,2026-09-24 06:31:35,2026-09-24 06:32:35,2026-09-25 04:45:35,CLOSED
POWER-B,POWER-B-ALT-00159,Malware activity detected,Automated MALWARE alert on asset POWER-B-AST-0038,HIGH,MALWARE,NDR,POWER-B-AST-0038,2026-08-05 12:03:57,2026-08-05 12:17:57,2026-08-05 12:23:57,CLOSED
POWER-B,POWER-B-ALT-00160,Policy Violation activity detected,Automated POLICY_VIOLATION alert on asset POWER-B-AST-0003,MEDIUM,POLICY_VIOLATION,WAF,POWER-B-AST-0003,2026-07-30 19:07:41,2026-07-30 19:33:41,2026-07-31 15:41:41,CLOSED
POWER-B,POWER-B-ALT-00161,Phishing activity detected,Automated PHISHING alert on asset POWER-B-AST-0012,INFO,PHISHING,EDR,POWER-B-AST-0012,2026-07-05 18:35:40,2026-07-05 18:54:40,2026-07-06 16:33:40,CLOSED
POWER-B,POWER-B-ALT-00162,Phishing activity detected,Automated PHISHING alert on asset POWER-B-AST-0003,MEDIUM,PHISHING,NDR,POWER-B-AST-0003,2026-09-07 23:21:58,2026-09-07 23:43:58,2026-09-08 05:59:58,FALSE_POSITIVE
POWER-B,POWER-B-ALT-00163,Policy Violation activity detected,Automated POLICY_VIOLATION alert on asset POWER-B-AST-0016,INFO,POLICY_VIOLATION,SIEM,POWER-B-AST-0016,2026-07-09 06:52:33,2026-07-09 07:12:33,2026-07-09 11:11:33,CLOSED
POWER-B,POWER-B-ALT-00164,Data Exfiltration activity detected,Automated DATA_EXFILTRATION alert on asset POWER-B-AST-0033,MEDIUM,DATA_EXFILTRATION,EDR,POWER-B-AST-0033,2026-09-05 04:09:25,2026-09-05 04:34:25,2026-09-05 05:10:25,CLOSED
POWER-B,POWER-B-ALT-00165,Policy Violation activity detected,Automated POLICY_VIOLATION alert on asset POWER-B-AST-0022,MEDIUM,POLICY_VIOLATION,NDR,POWER-B-AST-0022,2026-07-31 16:49:54,2026-07-31 17:12:54,2026-07-31 19:14:54,CLOSED
POWER-B,POWER-B-ALT-00166,Insider Threat activity detected,Automated INSIDER_THREAT alert on asset POWER-B-AST-0002,MEDIUM,INSIDER_THREAT,EDR,POWER-B-AST-0002,2026-09-21 09:25:56,2026-09-21 09:48:56,2026-09-22 01:55:56,CLOSED
POWER-B,POWER-B-ALT-00167,Policy Violation activity detected,Automated POLICY_VIOLATION alert on asset POWER-B-AST-0020,MEDIUM,POLICY_VIOLATION,SIEM,POWER-B-AST-0020,2026-09-11 09:17:51,2026-09-11 09:26:51,2026-09-12 09:07:51,CLOSED
POWER-B,POWER-B-ALT-00168,Policy Violation activity detected,Automated POLICY_VIOLATION alert on asset POWER-B-AST-0014,CRITICAL,POLICY_VIOLATION,EDR,POWER-B-AST-0014,2026-07-08 13:06:52,2026-07-08 13:09:52,2026-07-08 13:09:52,CLOSED
POWER-B,POWER-B-ALT-00169,Config Change activity detected,Automated CONFIG_CHANGE alert on asset POWER-B-AST-0029,LOW,CONFIG_CHANGE,WAF,POWER-B-AST-0029,2026-07-04 04:47:19,2026-07-04 04:53:19,2026-07-04 15:34:19,CLOSED
POWER-B,POWER-B-ALT-00170,Dos activity detected,Automated DoS alert on asset POWER-B-AST-0014,MEDIUM,DoS,WAF,POWER-B-AST-0014,2026-09-16 04:56:45,2026-09-16 05:21:45,2026-09-16 22:03:45,CLOSED
POWER-B,POWER-B-ALT-00171,Policy Violation activity detected,Automated POLICY_VIOLATION alert on asset POWER-B-AST-0033,HIGH,POLICY_VIOLATION,EDR,POWER-B-AST-0033,2026-07-28 07:05:45,2026-07-28 07:19:45,2026-07-28 08:04:45,FALSE_POSITIVE
POWER-B,POWER-B-ALT-00172,Policy Violation activity detected,Automated POLICY_VIOLATION alert on asset POWER-B-AST-0005,LOW,POLICY_VIOLATION,SIEM,POWER-B-AST-0005,2026-07-16 22:10:39,2026-07-16 22:18:39,2026-07-17 16:41:39,CLOSED
POWER-B,POWER-B-ALT-00173,Dos activity detected,Automated DoS alert on asset POWER-B-AST-0016,MEDIUM,DoS,NDR,POWER-B-AST-0016,2026-08-13 08:53:45,2026-08-13 08:54:45,2026-08-13 13:00:45,CLOSED
POWER-B,POWER-B-ALT-00174,Phishing activity detected,Automated PHISHING alert on asset POWER-B-AST-0010,CRITICAL,PHISHING,EDR,POWER-B-AST-0010,2026-08-04 18:01:05,2026-08-04 18:06:05,2026-08-04 18:06:05,CLOSED
POWER-B,POWER-B-ALT-00175,Policy Violation activity detected,Automated POLICY_VIOLATION alert on asset POWER-B-AST-0044,LOW,POLICY_VIOLATION,WAF,POWER-B-AST-0044,2026-09-19 11:15:03,2026-09-19 11:19:03,2026-09-19 21:53:03,CLOSED
POWER-B,POWER-B-ALT-00176,Config Change activity detected,Automated CONFIG_CHANGE alert on asset POWER-B-AST-0023,HIGH,CONFIG_CHANGE,WAF,POWER-B-AST-0023,2026-07-15 07:38:29,2026-07-15 07:49:29,2026-07-15 11:26:29,FALSE_POSITIVE
POWER-B,POWER-B-ALT-00177,Config Change activity detected,Automated CONFIG_CHANGE alert on asset POWER-B-AST-0025,INFO,CONFIG_CHANGE,SIEM,POWER-B-AST-0025,2026-07-14 14:32:54,2026-07-14 14:39:54,2026-07-15 02:07:54,FALSE_POSITIVE
POWER-B,POWER-B-ALT-00178,Phishing activity detected,Automated PHISHING alert on asset POWER-B-AST-0038,HIGH,PHISHING,SIEM,POWER-B-AST-0038,2026-09-10 16:11:57,2026-09-10 16:19:57,2026-09-10 17:13:57,CLOSED
POWER-B,POWER-B-ALT-00179,Policy Violation activity detected,Automated POLICY_VIOLATION alert on asset POWER-B-AST-0003,LOW,POLICY_VIOLATION,WAF,POWER-B-AST-0003,2026-07-04 08:06:10,2026-07-04 08:19:10,2026-07-04 21:46:10,CLOSED
POWER-B,POWER-B-ALT-00180,Policy Violation activity detected,Automated POLICY_VIOLATION alert on asset POWER-B-AST-0023,LOW,POLICY_VIOLATION,EDR,POWER-B-AST-0023,2026-07-20 04:18:41,2026-07-20 04:34:41,2026-07-20 12:15:41,CLOSED
POWER-B,POWER-B-ALT-00181,Policy Violation activity detected,Automated POLICY_VIOLATION alert on asset POWER-B-AST-0016,INFO,POLICY_VIOLATION,NDR,POWER-B-AST-0016,2026-09-14 04:22:57,2026-09-14 04:47:57,2026-09-15 04:15:57,FALSE_POSITIVE
POWER-B,POWER-B-ALT-00182,Config Change activity detected,Automated CONFIG_CHANGE alert on asset POWER-B-AST-0036,LOW,CONFIG_CHANGE,EDR,POWER-B-AST-0036,2026-09-27 15:40:31,2026-09-27 15:57:31,2026-09-28 07:02:31,CLOSED
POWER-B,POWER-B-ALT-00183,Unauthorized Access activity detected,Automated UNAUTHORIZED_ACCESS alert on asset POWER-B-AST-0025,LOW,UNAUTHORIZED_ACCESS,NDR,POWER-B-AST-0025,2026-07-02 01:33:56,2026-07-02 01:36:56,2026-07-02 14:29:56,FALSE_POSITIVE
POWER-B,POWER-B-ALT-00184,Config Change activity detected,Automated CONFIG_CHANGE alert on asset POWER-B-AST-0020,MEDIUM,CONFIG_CHANGE,EDR,POWER-B-AST-0020,2026-09-11 12:53:20,2026-09-11 13:15:20,2026-09-12 05:19:20,CLOSED
POWER-B,POWER-B-ALT-00185,Phishing activity detected,Automated PHISHING alert on asset POWER-B-AST-0013,MEDIUM,PHISHING,EDR,POWER-B-AST-0013,2026-08-24 03:59:23,2026-08-24 04:27:23,2026-08-24 23:10:23,CLOSED
POWER-B,POWER-B-ALT-00186,Malware activity detected,Automated MALWARE alert on asset POWER-B-AST-0030,MEDIUM,MALWARE,WAF,POWER-B-AST-0030,2026-07-18 07:00:22,2026-07-18 07:27:22,2026-07-19 05:11:22,CLOSED
POWER-B,POWER-B-ALT-00187,Dos activity detected,Automated DoS alert on asset POWER-B-AST-0029,MEDIUM,DoS,SIEM,POWER-B-AST-0029,2026-08-08 22:14:23,2026-08-08 22:16:23,2026-08-09 07:56:23,CLOSED
POWER-B,POWER-B-ALT-00188,Malware activity detected,Automated MALWARE alert on asset POWER-B-AST-0021,LOW,MALWARE,SIEM,POWER-B-AST-0021,2026-09-04 23:08:42,2026-09-04 23:31:42,2026-09-05 04:24:42,FALSE_POSITIVE
POWER-B,POWER-B-ALT-00189,Phishing activity detected,Automated PHISHING alert on asset POWER-B-AST-0013,MEDIUM,PHISHING,EDR,POWER-B-AST-0013,2026-07-15 18:53:01,2026-07-15 18:57:01,2026-07-16 00:40:01,CLOSED
POWER-B,POWER-B-ALT-00190,Phishing activity detected,Automated PHISHING alert on asset POWER-B-AST-0025,MEDIUM,PHISHING,SIEM,POWER-B-AST-0025,2026-08-14 18:54:13,2026-08-14 19:23:13,2026-08-14 20:31:13,CLOSED
POWER-B,POWER-B-ALT-00191,Policy Violation activity detected,Automated POLICY_VIOLATION alert on asset POWER-B-AST-0032,LOW,POLICY_VIOLATION,SIEM,POWER-B-AST-0032,2026-09-18 06:48:37,2026-09-18 06:49:37,2026-09-18 11:50:37,CLOSED
POWER-B,POWER-B-ALT-00192,Policy Violation activity detected,Automated POLICY_VIOLATION alert on asset POWER-B-AST-0008,MEDIUM,POLICY_VIOLATION,WAF,POWER-B-AST-0008,2026-07-08 21:48:07,2026-07-08 21:55:07,2026-07-09 04:51:07,CLOSED
POWER-B,POWER-B-ALT-00193,Unauthorized Access activity detected,Automated UNAUTHORIZED_ACCESS alert on asset POWER-B-AST-0001,HIGH,UNAUTHORIZED_ACCESS,NDR,POWER-B-AST-0001,2026-08-28 04:11:52,2026-08-28 04:18:52,2026-08-28 06:20:52,CLOSED
POWER-B,POWER-B-ALT-00194,Unauthorized Access activity detected,Automated UNAUTHORIZED_ACCESS alert on asset POWER-B-AST-0004,HIGH,UNAUTHORIZED_ACCESS,SIEM,POWER-B-AST-0004,2026-09-30 05:17:44,2026-09-30 05:30:44,2026-09-30 08:16:44,FALSE_POSITIVE
POWER-B,POWER-B-ALT-00195,Policy Violation activity detected,Automated POLICY_VIOLATION alert on asset POWER-B-AST-0024,LOW,POLICY_VIOLATION,EDR,POWER-B-AST-0024,2026-07-07 05:03:54,2026-07-07 05:11:54,2026-07-08 04:43:54,CLOSED
POWER-B,POWER-B-ALT-00196,Config Change activity detected,Automated CONFIG_CHANGE alert on asset POWER-B-AST-0009,MEDIUM,CONFIG_CHANGE,NDR,POWER-B-AST-0009,2026-07-14 16:52:59,2026-07-14 17:16:59,2026-07-15 03:52:59,FALSE_POSITIVE
POWER-B,POWER-B-ALT-00197,Phishing activity detected,Automated PHISHING alert on asset POWER-B-AST-0035,MEDIUM,PHISHING,SIEM,POWER-B-AST-0035,2026-07-06 16:25:32,2026-07-06 16:55:32,2026-07-06 20:18:32,CLOSED
POWER-B,POWER-B-ALT-00198,Config Change activity detected,Automated CONFIG_CHANGE alert on asset POWER-B-AST-0016,HIGH,CONFIG_CHANGE,NDR,POWER-B-AST-0016,2026-08-27 07:07:42,2026-08-27 07:33:42,2026-08-27 09:37:42,CLOSED
POWER-B,POWER-B-ALT-00199,Policy Violation activity detected,Automated POLICY_VIOLATION alert on asset POWER-B-AST-0011,INFO,POLICY_VIOLATION,EDR,POWER-B-AST-0011,2026-09-15 20:18:39,2026-09-15 20:38:39,2026-09-16 16:18:39,CLOSED
POWER-B,POWER-B-ALT-00200,Config Change activity detected,Automated CONFIG_CHANGE alert on asset POWER-B-AST-0020,HIGH,CONFIG_CHANGE,WAF,POWER-B-AST-0020,2026-08-22 15:58:06,2026-08-22 16:05:06,2026-08-22 18:12:06,CLOSED
POWER-B,POWER-B-ALT-00201,Malware activity detected,Automated MALWARE alert on asset POWER-B-AST-0006,MEDIUM,MALWARE,SIEM,POWER-B-AST-0006,2026-08-25 16:45:45,2026-08-25 16:50:45,2026-08-26 07:29:45,CLOSED
POWER-B,POWER-B-ALT-00202,Malware activity detected,Automated MALWARE alert on asset POWER-B-AST-0042,INFO,MALWARE,SIEM,POWER-B-AST-0042,2026-07-10 12:26:15,2026-07-10 12:27:15,2026-07-10 23:38:15,CLOSED
POWER-B,POWER-B-ALT-00203,Phishing activity detected,Automated PHISHING alert on asset POWER-B-AST-0009,LOW,PHISHING,NDR,POWER-B-AST-0009,2026-07-04 06:27:24,2026-07-04 06:48:24,2026-07-04 22:59:24,FALSE_POSITIVE
POWER-B,POWER-B-ALT-00204,Config Change activity detected,Automated CONFIG_CHANGE alert on asset POWER-B-AST-0032,LOW,CONFIG_CHANGE,NDR,POWER-B-AST-0032,2026-09-03 05:36:10,2026-09-03 05:56:10,2026-09-04 02:09:10,CLOSED
POWER-B,POWER-B-ALT-00205,Config Change activity detected,Automated CONFIG_CHANGE alert on asset POWER-B-AST-0021,MEDIUM,CONFIG_CHANGE,EDR,POWER-B-AST-0021,2026-08-17 20:15:00,2026-08-17 20:24:00,2026-08-18 13:29:00,CLOSED
POWER-B,POWER-B-ALT-00206,Unauthorized Access activity detected,Automated UNAUTHORIZED_ACCESS alert on asset POWER-B-AST-0017,HIGH,UNAUTHORIZED_ACCESS,EDR,POWER-B-AST-0017,2026-08-24 01:46:07,2026-08-24 02:07:07,2026-08-24 02:19:07,CLOSED
POWER-B,POWER-B-ALT-00207,Insider Threat activity detected,Automated INSIDER_THREAT alert on asset POWER-B-AST-0041,INFO,INSIDER_THREAT,SIEM,POWER-B-AST-0041,2026-08-14 07:24:32,2026-08-14 07:41:32,2026-08-14 17:55:32,FALSE_POSITIVE
POWER-B,POWER-B-ALT-00208,Phishing activity detected,Automated PHISHING alert on asset POWER-B-AST-0014,LOW,PHISHING,EDR,POWER-B-AST-0014,2026-07-04 22:13:53,2026-07-04 22:23:53,2026-07-05 00:12:53,CLOSED
POWER-B,POWER-B-ALT-00209,Policy Violation activity detected,Automated POLICY_VIOLATION alert on asset POWER-B-AST-0020,LOW,POLICY_VIOLATION,SIEM,POWER-B-AST-0020,2026-08-15 09:01:07,2026-08-15 09:19:07,2026-08-16 03:34:07,CLOSED
POWER-B,POWER-B-ALT-00210,Phishing activity detected,Automated PHISHING alert on asset POWER-B-AST-0044,MEDIUM,PHISHING,EDR,POWER-B-AST-0044,2026-08-24 08:59:36,2026-08-24 09:24:36,2026-08-25 01:03:36,FALSE_POSITIVE
POWER-B,POWER-B-ALT-00211,Malware activity detected,Automated MALWARE alert on asset POWER-B-AST-0024,INFO,MALWARE,SIEM,POWER-B-AST-0024,2026-09-25 03:00:54,2026-09-25 03:23:54,2026-09-26 00:47:54,CLOSED
POWER-B,POWER-B-ALT-00212,Policy Violation activity detected,Automated POLICY_VIOLATION alert on asset POWER-B-AST-0020,MEDIUM,POLICY_VIOLATION,WAF,POWER-B-AST-0020,2026-08-06 22:05:23,2026-08-06 22:15:23,2026-08-07 08:50:23,CLOSED
POWER-B,POWER-B-ALT-00213,Policy Violation activity detected,Automated POLICY_VIOLATION alert on asset POWER-B-AST-0037,MEDIUM,POLICY_VIOLATION,WAF,POWER-B-AST-0037,2026-09-03 11:49:39,2026-09-03 12:01:39,2026-09-03 21:46:39,CLOSED
POWER-B,POWER-B-ALT-00214,Unauthorized Access activity detected,Automated UNAUTHORIZED_ACCESS alert on asset POWER-B-AST-0007,MEDIUM,UNAUTHORIZED_ACCESS,NDR,POWER-B-AST-0007,2026-08-10 15:01:25,2026-08-10 15:15:25,2026-08-11 04:39:25,FALSE_POSITIVE
POWER-B,POWER-B-ALT-00215,Policy Violation activity detected,Automated POLICY_VIOLATION alert on asset POWER-B-AST-0041,MEDIUM,POLICY_VIOLATION,WAF,POWER-B-AST-0041,2026-08-17 04:25:11,2026-08-17 04:49:11,2026-08-17 13:59:11,CLOSED
POWER-B,POWER-B-ALT-00216,Config Change activity detected,Automated CONFIG_CHANGE alert on asset POWER-B-AST-0041,MEDIUM,CONFIG_CHANGE,EDR,POWER-B-AST-0041,2026-07-06 07:09:26,2026-07-06 07:30:26,2026-07-06 12:09:26,CLOSED
POWER-B,POWER-B-ALT-00217,Policy Violation activity detected,Automated POLICY_VIOLATION alert on asset POWER-B-AST-0032,LOW,POLICY_VIOLATION,EDR,POWER-B-AST-0032,2026-08-11 19:11:37,2026-08-11 19:29:37,2026-08-12 10:49:37,CLOSED
POWER-B,POWER-B-ALT-00218,Dos activity detected,Automated DoS alert on asset POWER-B-AST-0007,MEDIUM,DoS,SIEM,POWER-B-AST-0007,2026-09-04 01:47:07,2026-09-04 01:54:07,2026-09-04 10:46:07,CLOSED
POWER-B,POWER-B-ALT-00219,Dos activity detected,Automated DoS alert on asset POWER-B-AST-0012,HIGH,DoS,NDR,POWER-B-AST-0012,2026-08-02 07:01:27,2026-08-02 07:11:27,2026-08-02 10:29:27,CLOSED
POWER-B,POWER-B-ALT-00220,Phishing activity detected,Automated PHISHING alert on asset POWER-B-AST-0023,CRITICAL,PHISHING,NDR,POWER-B-AST-0023,2026-09-18 01:46:11,2026-09-18 02:00:11,2026-09-18 03:25:11,FALSE_POSITIVE
POWER-B,POWER-B-ALT-00221,Malware activity detected,Automated MALWARE alert on asset POWER-B-AST-0034,INFO,MALWARE,WAF,POWER-B-AST-0034,2026-07-25 15:00:08,2026-07-25 15:29:08,2026-07-26 11:17:08,CLOSED
POWER-B,POWER-B-ALT-00222,Unauthorized Access activity detected,Automated UNAUTHORIZED_ACCESS alert on asset POWER-B-AST-0017,HIGH,UNAUTHORIZED_ACCESS,WAF,POWER-B-AST-0017,2026-09-10 20:36:12,2026-09-10 20:52:12,2026-09-10 23:17:12,CLOSED
POWER-B,POWER-B-ALT-00223,Malware activity detected,Automated MALWARE alert on asset POWER-B-AST-0042,MEDIUM,MALWARE,EDR,POWER-B-AST-0042,2026-09-29 09:19:44,2026-09-29 09:45:44,2026-09-29 11:33:44,FALSE_POSITIVE
POWER-B,POWER-B-ALT-00224,Policy Violation activity detected,Automated POLICY_VIOLATION alert on asset POWER-B-AST-0045,HIGH,POLICY_VIOLATION,EDR,POWER-B-AST-0045,2026-08-20 16:39:02,2026-08-20 16:51:02,2026-08-20 20:00:02,CLOSED
POWER-B,POWER-B-ALT-00225,Policy Violation activity detected,Automated POLICY_VIOLATION alert on asset POWER-B-AST-0008,CRITICAL,POLICY_VIOLATION,SIEM,POWER-B-AST-0008,2026-07-09 10:15:28,2026-07-09 10:17:28,2026-07-09 10:18:28,CLOSED
POWER-B,POWER-B-ALT-00226,Unauthorized Access activity detected,Automated UNAUTHORIZED_ACCESS alert on asset POWER-B-AST-0005,HIGH,UNAUTHORIZED_ACCESS,NDR,POWER-B-AST-0005,2026-09-17 15:16:00,2026-09-17 15:44:00,2026-09-17 17:14:00,CLOSED
POWER-B,POWER-B-ALT-00227,Unauthorized Access activity detected,Automated UNAUTHORIZED_ACCESS alert on asset POWER-B-AST-0036,MEDIUM,UNAUTHORIZED_ACCESS,WAF,POWER-B-AST-0036,2026-08-23 16:00:57,2026-08-23 16:23:57,2026-08-24 00:46:57,CLOSED
POWER-B,POWER-B-ALT-00228,Data Exfiltration activity detected,Automated DATA_EXFILTRATION alert on asset POWER-B-AST-0038,LOW,DATA_EXFILTRATION,WAF,POWER-B-AST-0038,2026-07-03 23:07:21,2026-07-03 23:31:21,2026-07-04 22:31:21,CLOSED
POWER-B,POWER-B-ALT-00229,Policy Violation activity detected,Automated POLICY_VIOLATION alert on asset POWER-B-AST-0040,LOW,POLICY_VIOLATION,SIEM,POWER-B-AST-0040,2026-07-15 07:40:49,2026-07-15 08:06:49,2026-07-15 20:39:49,CLOSED
POWER-B,POWER-B-ALT-00230,Insider Threat activity detected,Automated INSIDER_THREAT alert on asset POWER-B-AST-0024,MEDIUM,INSIDER_THREAT,WAF,POWER-B-AST-0024,2026-07-16 18:12:01,2026-07-16 18:17:01,2026-07-17 04:45:01,CLOSED
POWER-B,POWER-B-ALT-00231,Policy Violation activity detected,Automated POLICY_VIOLATION alert on asset POWER-B-AST-0029,HIGH,POLICY_VIOLATION,SIEM,POWER-B-AST-0029,2026-08-31 03:53:32,2026-08-31 03:58:32,2026-08-31 04:44:32,CLOSED
POWER-B,POWER-B-ALT-00232,Unauthorized Access activity detected,Automated UNAUTHORIZED_ACCESS alert on asset POWER-B-AST-0017,HIGH,UNAUTHORIZED_ACCESS,SIEM,POWER-B-AST-0017,2026-08-31 21:22:43,2026-08-31 21:35:43,2026-08-31 23:10:43,CLOSED
POWER-B,POWER-B-ALT-00233,Malware activity detected,Automated MALWARE alert on asset POWER-B-AST-0025,HIGH,MALWARE,NDR,POWER-B-AST-0025,2026-09-30 09:12:20,2026-09-30 09:28:20,2026-09-30 12:51:20,CLOSED
POWER-B,POWER-B-ALT-00234,Policy Violation activity detected,Automated POLICY_VIOLATION alert on asset POWER-B-AST-0036,CRITICAL,POLICY_VIOLATION,EDR,POWER-B-AST-0036,2026-07-20 19:38:21,2026-07-20 19:41:21,2026-07-20 19:41:21,FALSE_POSITIVE
POWER-B,POWER-B-ALT-00235,Malware activity detected,Automated MALWARE alert on asset POWER-B-AST-0008,MEDIUM,MALWARE,NDR,POWER-B-AST-0008,2026-09-26 14:49:27,2026-09-26 14:56:27,2026-09-27 11:46:27,CLOSED
POWER-B,POWER-B-ALT-00236,Malware activity detected,Automated MALWARE alert on asset POWER-B-AST-0034,HIGH,MALWARE,NDR,POWER-B-AST-0034,2026-07-12 16:54:44,2026-07-12 17:24:44,2026-07-12 17:56:44,FALSE_POSITIVE
POWER-B,POWER-B-ALT-00237,Config Change activity detected,Automated CONFIG_CHANGE alert on asset POWER-B-AST-0008,LOW,CONFIG_CHANGE,EDR,POWER-B-AST-0008,2026-08-28 06:15:28,2026-08-28 06:30:28,2026-08-28 21:58:28,CLOSED
POWER-B,POWER-B-ALT-00238,Unauthorized Access activity detected,Automated UNAUTHORIZED_ACCESS alert on asset POWER-B-AST-0024,HIGH,UNAUTHORIZED_ACCESS,WAF,POWER-B-AST-0024,2026-08-03 02:29:26,2026-08-03 02:57:26,2026-08-03 03:22:26,CLOSED
POWER-B,POWER-B-ALT-00239,Unauthorized Access activity detected,Automated UNAUTHORIZED_ACCESS alert on asset POWER-B-AST-0037,HIGH,UNAUTHORIZED_ACCESS,WAF,POWER-B-AST-0037,2026-07-27 23:07:16,2026-07-27 23:10:16,2026-07-28 02:45:16,CLOSED
POWER-B,POWER-B-ALT-00240,Malware activity detected,Automated MALWARE alert on asset POWER-B-AST-0045,LOW,MALWARE,NDR,POWER-B-AST-0045,2026-09-02 09:30:37,2026-09-02 09:39:37,2026-09-03 03:04:37,CLOSED
POWER-B,POWER-B-ALT-00241,Malware activity detected,Automated MALWARE alert on asset POWER-B-AST-0023,CRITICAL,MALWARE,WAF,POWER-B-AST-0023,2026-08-13 20:06:02,2026-08-13 20:07:02,2026-08-13 20:09:02,FALSE_POSITIVE
POWER-B,POWER-B-ALT-00242,Policy Violation activity detected,Automated POLICY_VIOLATION alert on asset POWER-B-AST-0003,MEDIUM,POLICY_VIOLATION,EDR,POWER-B-AST-0003,2026-09-12 18:31:10,2026-09-12 18:38:10,2026-09-12 20:51:10,CLOSED
POWER-B,POWER-B-ALT-00243,Unauthorized Access activity detected,Automated UNAUTHORIZED_ACCESS alert on asset POWER-B-AST-0022,LOW,UNAUTHORIZED_ACCESS,WAF,POWER-B-AST-0022,2026-07-24 22:58:28,2026-07-24 23:15:28,2026-07-25 12:50:28,CLOSED
POWER-B,POWER-B-ALT-00244,Config Change activity detected,Automated CONFIG_CHANGE alert on asset POWER-B-AST-0020,HIGH,CONFIG_CHANGE,SIEM,POWER-B-AST-0020,2026-08-05 09:38:46,2026-08-05 09:47:46,2026-08-05 10:34:46,FALSE_POSITIVE
POWER-B,POWER-B-ALT-00245,Malware activity detected,Automated MALWARE alert on asset POWER-B-AST-0014,LOW,MALWARE,SIEM,POWER-B-AST-0014,2026-09-07 14:47:36,2026-09-07 15:00:36,2026-09-08 06:37:36,CLOSED
POWER-B,POWER-B-ALT-00246,Phishing activity detected,Automated PHISHING alert on asset POWER-B-AST-0035,MEDIUM,PHISHING,WAF,POWER-B-AST-0035,2026-09-14 20:19:23,2026-09-14 20:49:23,2026-09-15 07:40:23,CLOSED
POWER-B,POWER-B-ALT-00247,Policy Violation activity detected,Automated POLICY_VIOLATION alert on asset POWER-B-AST-0028,HIGH,POLICY_VIOLATION,NDR,POWER-B-AST-0028,2026-08-25 21:02:21,2026-08-25 21:27:21,2026-08-26 00:24:21,CLOSED
POWER-B,POWER-B-ALT-00248,Phishing activity detected,Automated PHISHING alert on asset POWER-B-AST-0024,LOW,PHISHING,WAF,POWER-B-AST-0024,2026-07-31 09:10:59,2026-07-31 09:22:59,2026-07-31 22:26:59,CLOSED
POWER-B,POWER-B-ALT-00249,Config Change activity detected,Automated CONFIG_CHANGE alert on asset POWER-B-AST-0023,MEDIUM,CONFIG_CHANGE,NDR,POWER-B-AST-0023,2026-08-01 10:02:50,2026-08-01 10:25:50,2026-08-01 12:16:50,FALSE_POSITIVE
POWER-B,POWER-B-ALT-00250,Phishing activity detected,Automated PHISHING alert on asset POWER-B-AST-0034,CRITICAL,PHISHING,SIEM,POWER-B-AST-0034,2026-08-02 06:22:24,2026-08-02 06:23:24,2026-08-02 06:25:24,CLOSED
POWER-B,POWER-B-ALT-00251,Config Change activity detected,Automated CONFIG_CHANGE alert on asset POWER-B-AST-0027,LOW,CONFIG_CHANGE,EDR,POWER-B-AST-0027,2026-08-17 21:26:34,2026-08-17 21:45:34,2026-08-18 18:02:34,CLOSED
POWER-B,POWER-B-ALT-00252,Policy Violation activity detected,Automated POLICY_VIOLATION alert on asset POWER-B-AST-0041,MEDIUM,POLICY_VIOLATION,EDR,POWER-B-AST-0041,2026-09-04 18:59:21,2026-09-04 19:22:21,2026-09-05 15:14:21,CLOSED
POWER-B,POWER-B-ALT-00253,Policy Violation activity detected,Automated POLICY_VIOLATION alert on asset POWER-B-AST-0022,HIGH,POLICY_VIOLATION,WAF,POWER-B-AST-0022,2026-07-12 05:48:25,2026-07-12 05:54:25,2026-07-12 06:18:25,CLOSED
POWER-B,POWER-B-ALT-00254,Policy Violation activity detected,Automated POLICY_VIOLATION alert on asset POWER-B-AST-0024,LOW,POLICY_VIOLATION,NDR,POWER-B-AST-0024,2026-08-14 05:47:53,2026-08-14 06:03:53,2026-08-14 12:37:53,CLOSED
POWER-B,POWER-B-ALT-00255,Malware activity detected,Automated MALWARE alert on asset POWER-B-AST-0029,MEDIUM,MALWARE,SIEM,POWER-B-AST-0029,2026-09-28 02:48:19,2026-09-28 02:51:19,2026-09-28 04:25:19,CLOSED
POWER-B,POWER-B-ALT-00256,Dos activity detected,Automated DoS alert on asset POWER-B-AST-0017,MEDIUM,DoS,SIEM,POWER-B-AST-0017,2026-07-07 00:16:53,2026-07-07 00:23:53,2026-07-07 07:36:53,CLOSED
POWER-B,POWER-B-ALT-00257,Data Exfiltration activity detected,Automated DATA_EXFILTRATION alert on asset POWER-B-AST-0042,CRITICAL,DATA_EXFILTRATION,SIEM,POWER-B-AST-0042,2026-09-23 05:12:09,2026-09-23 05:22:09,2026-09-23 06:19:09,CLOSED
POWER-B,POWER-B-ALT-00258,Unauthorized Access activity detected,Automated UNAUTHORIZED_ACCESS alert on asset POWER-B-AST-0022,MEDIUM,UNAUTHORIZED_ACCESS,EDR,POWER-B-AST-0022,2026-07-22 15:36:12,2026-07-22 15:59:12,2026-07-23 08:11:12,CLOSED
POWER-B,POWER-B-ALT-00259,Config Change activity detected,Automated CONFIG_CHANGE alert on asset POWER-B-AST-0002,LOW,CONFIG_CHANGE,NDR,POWER-B-AST-0002,2026-09-14 09:30:56,2026-09-14 09:58:56,2026-09-15 05:25:56,CLOSED
POWER-B,POWER-B-ALT-00260,Insider Threat activity detected,Automated INSIDER_THREAT alert on asset POWER-B-AST-0016,MEDIUM,INSIDER_THREAT,SIEM,POWER-B-AST-0016,2026-08-22 04:38:12,2026-08-22 05:00:12,2026-08-22 20:31:12,CLOSED
POWER-B,POWER-B-ALT-00261,Unauthorized Access activity detected,Automated UNAUTHORIZED_ACCESS alert on asset POWER-B-AST-0009,INFO,UNAUTHORIZED_ACCESS,EDR,POWER-B-AST-0009,2026-07-10 18:23:53,2026-07-10 18:28:53,2026-07-11 07:31:53,CLOSED
POWER-B,POWER-B-ALT-00262,Phishing activity detected,Automated PHISHING alert on asset POWER-B-AST-0013,HIGH,PHISHING,EDR,POWER-B-AST-0013,2026-08-12 13:54:20,2026-08-12 14:02:20,2026-08-12 17:06:20,CLOSED
POWER-B,POWER-B-ALT-00263,Data Exfiltration activity detected,Automated DATA_EXFILTRATION alert on asset POWER-B-AST-0042,LOW,DATA_EXFILTRATION,SIEM,POWER-B-AST-0042,2026-07-11 10:58:33,2026-07-11 11:19:33,2026-07-12 04:13:33,CLOSED
POWER-B,POWER-B-ALT-00264,Policy Violation activity detected,Automated POLICY_VIOLATION alert on asset POWER-B-AST-0019,CRITICAL,POLICY_VIOLATION,SIEM,POWER-B-AST-0019,2026-08-03 01:50:16,2026-08-03 01:53:16,2026-08-03 01:59:16,CLOSED
POWER-B,POWER-B-ALT-00265,Dos activity detected,Automated DoS alert on asset POWER-B-AST-0007,HIGH,DoS,WAF,POWER-B-AST-0007,2026-07-21 03:14:41,2026-07-21 03:42:41,2026-07-21 04:27:41,CLOSED
POWER-B,POWER-B-ALT-00266,Unauthorized Access activity detected,Automated UNAUTHORIZED_ACCESS alert on asset POWER-B-AST-0045,MEDIUM,UNAUTHORIZED_ACCESS,EDR,POWER-B-AST-0045,2026-08-25 18:35:02,2026-08-25 18:40:02,2026-08-26 05:51:02,CLOSED
POWER-B,POWER-B-ALT-00267,Config Change activity detected,Automated CONFIG_CHANGE alert on asset POWER-B-AST-0001,MEDIUM,CONFIG_CHANGE,WAF,POWER-B-AST-0001,2026-07-05 12:25:46,2026-07-05 12:43:46,2026-07-06 02:00:46,CLOSED
POWER-B,POWER-B-ALT-00268,Phishing activity detected,Automated PHISHING alert on asset POWER-B-AST-0028,MEDIUM,PHISHING,SIEM,POWER-B-AST-0028,2026-09-24 14:39:43,2026-09-24 14:59:43,2026-09-25 06:35:43,CLOSED
POWER-B,POWER-B-ALT-00269,Phishing activity detected,Automated PHISHING alert on asset POWER-B-AST-0037,MEDIUM,PHISHING,NDR,POWER-B-AST-0037,2026-08-31 10:43:56,2026-08-31 10:48:56,2026-08-31 20:45:56,FALSE_POSITIVE
POWER-B,POWER-B-ALT-00270,Insider Threat activity detected,Automated INSIDER_THREAT alert on asset POWER-B-AST-0011,LOW,INSIDER_THREAT,WAF,POWER-B-AST-0011,2026-08-28 11:07:40,2026-08-28 11:14:40,2026-08-28 16:10:40,CLOSED
POWER-B,POWER-B-ALT-00271,Malware activity detected,Automated MALWARE alert on asset POWER-B-AST-0009,MEDIUM,MALWARE,NDR,POWER-B-AST-0009,2026-09-25 00:03:17,2026-09-25 00:33:17,2026-09-25 14:42:17,CLOSED
POWER-B,POWER-B-ALT-00272,Malware activity detected,Automated MALWARE alert on asset POWER-B-AST-0028,HIGH,MALWARE,WAF,POWER-B-AST-0028,2026-07-04 14:00:19,2026-07-04 14:10:19,2026-07-04 16:58:19,CLOSED
POWER-B,POWER-B-ALT-00273,Unauthorized Access activity detected,Automated UNAUTHORIZED_ACCESS alert on asset POWER-B-AST-0024,HIGH,UNAUTHORIZED_ACCESS,NDR,POWER-B-AST-0024,2026-08-22 20:59:22,2026-08-22 21:16:22,2026-08-22 22:19:22,CLOSED
POWER-B,POWER-B-ALT-00274,Policy Violation activity detected,Automated POLICY_VIOLATION alert on asset POWER-B-AST-0006,LOW,POLICY_VIOLATION,NDR,POWER-B-AST-0006,2026-09-29 22:56:49,2026-09-29 22:59:49,2026-09-30 11:34:49,CLOSED
POWER-B,POWER-B-ALT-00275,Insider Threat activity detected,Automated INSIDER_THREAT alert on asset POWER-B-AST-0012,INFO,INSIDER_THREAT,EDR,POWER-B-AST-0012,2026-07-24 07:24:03,2026-07-24 07:47:03,2026-07-25 05:35:03,CLOSED
POWER-B,POWER-B-ALT-00276,Data Exfiltration activity detected,Automated DATA_EXFILTRATION alert on asset POWER-B-AST-0009,HIGH,DATA_EXFILTRATION,WAF,POWER-B-AST-0009,2026-07-30 22:59:47,2026-07-30 23:03:47,2026-07-31 01:27:47,CLOSED
POWER-B,POWER-B-ALT-00277,Config Change activity detected,Automated CONFIG_CHANGE alert on asset POWER-B-AST-0017,LOW,CONFIG_CHANGE,EDR,POWER-B-AST-0017,2026-07-13 14:14:45,2026-07-13 14:29:45,2026-07-14 03:01:45,FALSE_POSITIVE
POWER-B,POWER-B-ALT-00278,Config Change activity detected,Automated CONFIG_CHANGE alert on asset POWER-B-AST-0002,LOW,CONFIG_CHANGE,EDR,POWER-B-AST-0002,2026-08-26 23:05:50,2026-08-26 23:21:50,2026-08-27 10:07:50,FALSE_POSITIVE
POWER-B,POWER-B-ALT-00279,Dos activity detected,Automated DoS alert on asset POWER-B-AST-0029,LOW,DoS,SIEM,POWER-B-AST-0029,2026-08-05 23:19:41,2026-08-05 23:45:41,2026-08-06 17:02:41,CLOSED
POWER-B,POWER-B-ALT-00280,Config Change activity detected,Automated CONFIG_CHANGE alert on asset POWER-B-AST-0029,HIGH,CONFIG_CHANGE,WAF,POWER-B-AST-0029,2026-07-25 03:26:34,2026-07-25 03:39:34,2026-07-25 04:43:34,FALSE_POSITIVE
POWER-B,POWER-B-ALT-00281,Config Change activity detected,Automated CONFIG_CHANGE alert on asset POWER-B-AST-0021,MEDIUM,CONFIG_CHANGE,NDR,POWER-B-AST-0021,2026-08-19 17:17:43,2026-08-19 17:26:43,2026-08-19 23:34:43,CLOSED
POWER-B,POWER-B-ALT-00282,Dos activity detected,Automated DoS alert on asset POWER-B-AST-0009,INFO,DoS,NDR,POWER-B-AST-0009,2026-08-13 06:24:08,2026-08-13 06:46:08,2026-08-13 23:05:08,CLOSED
POWER-B,POWER-B-ALT-00283,Config Change activity detected,Automated CONFIG_CHANGE alert on asset POWER-B-AST-0038,HIGH,CONFIG_CHANGE,NDR,POWER-B-AST-0038,2026-08-02 19:19:52,2026-08-02 19:45:52,2026-08-02 22:59:52,FALSE_POSITIVE
POWER-B,POWER-B-ALT-00284,Policy Violation activity detected,Automated POLICY_VIOLATION alert on asset POWER-B-AST-0043,MEDIUM,POLICY_VIOLATION,SIEM,POWER-B-AST-0043,2026-09-09 02:22:51,2026-09-09 02:47:51,2026-09-09 18:26:51,CLOSED
POWER-B,POWER-B-ALT-00285,Insider Threat activity detected,Automated INSIDER_THREAT alert on asset POWER-B-AST-0014,LOW,INSIDER_THREAT,WAF,POWER-B-AST-0014,2026-07-07 02:43:18,2026-07-07 03:03:18,2026-07-07 19:01:18,CLOSED
POWER-B,POWER-B-ALT-00286,Unauthorized Access activity detected,Automated UNAUTHORIZED_ACCESS alert on asset POWER-B-AST-0024,MEDIUM,UNAUTHORIZED_ACCESS,NDR,POWER-B-AST-0024,2026-09-01 10:58:59,2026-09-01 11:14:59,2026-09-01 17:04:59,CLOSED
POWER-B,POWER-B-ALT-00287,Phishing activity detected,Automated PHISHING alert on asset POWER-B-AST-0039,MEDIUM,PHISHING,NDR,POWER-B-AST-0039,2026-09-02 08:16:38,2026-09-02 08:18:38,2026-09-02 14:41:38,CLOSED
POWER-B,POWER-B-ALT-00288,Config Change activity detected,Automated CONFIG_CHANGE alert on asset POWER-B-AST-0044,MEDIUM,CONFIG_CHANGE,SIEM,POWER-B-AST-0044,2026-09-20 21:23:18,2026-09-20 21:30:18,2026-09-21 06:31:18,CLOSED
POWER-B,POWER-B-ALT-00289,Phishing activity detected,Automated PHISHING alert on asset POWER-B-AST-0003,MEDIUM,PHISHING,NDR,POWER-B-AST-0003,2026-08-04 21:43:42,2026-08-04 22:05:42,2026-08-05 09:04:42,CLOSED
POWER-B,POWER-B-ALT-00290,Config Change activity detected,Automated CONFIG_CHANGE alert on asset POWER-B-AST-0022,LOW,CONFIG_CHANGE,SIEM,POWER-B-AST-0022,2026-07-02 17:57:28,2026-07-02 18:27:28,2026-07-03 14:13:28,CLOSED
POWER-B,POWER-B-ALT-00291,Phishing activity detected,Automated PHISHING alert on asset POWER-B-AST-0033,MEDIUM,PHISHING,EDR,POWER-B-AST-0033,2026-07-24 18:00:38,2026-07-24 18:23:38,2026-07-25 16:39:38,CLOSED
POWER-B,POWER-B-ALT-00292,Malware activity detected,Automated MALWARE alert on asset POWER-B-AST-0042,CRITICAL,MALWARE,WAF,POWER-B-AST-0042,2026-09-19 11:08:30,2026-09-19 11:09:30,2026-09-19 11:15:30,CLOSED
POWER-B,POWER-B-ALT-00293,Dos activity detected,Automated DoS alert on asset POWER-B-AST-0025,HIGH,DoS,NDR,POWER-B-AST-0025,2026-07-26 19:16:19,2026-07-26 19:30:19,2026-07-26 23:16:19,CLOSED
POWER-B,POWER-B-ALT-00294,Dos activity detected,Automated DoS alert on asset POWER-B-AST-0018,HIGH,DoS,SIEM,POWER-B-AST-0018,2026-08-07 15:19:17,2026-08-07 15:30:17,2026-08-07 16:01:17,FALSE_POSITIVE
POWER-B,POWER-B-ALT-00295,Config Change activity detected,Automated CONFIG_CHANGE alert on asset POWER-B-AST-0002,LOW,CONFIG_CHANGE,NDR,POWER-B-AST-0002,2026-07-08 06:37:46,2026-07-08 06:45:46,2026-07-09 00:36:46,CLOSED
POWER-B,POWER-B-ALT-00296,Config Change activity detected,Automated CONFIG_CHANGE alert on asset POWER-B-AST-0044,LOW,CONFIG_CHANGE,SIEM,POWER-B-AST-0044,2026-09-24 06:13:47,2026-09-24 06:35:47,2026-09-24 12:25:47,CLOSED
POWER-B,POWER-B-ALT-00297,Malware activity detected,Automated MALWARE alert on asset POWER-B-AST-0011,HIGH,MALWARE,SIEM,POWER-B-AST-0011,2026-07-30 02:17:35,2026-07-30 02:32:35,2026-07-30 05:28:35,FALSE_POSITIVE
POWER-B,POWER-B-ALT-00298,Policy Violation activity detected,Automated POLICY_VIOLATION alert on asset POWER-B-AST-0020,INFO,POLICY_VIOLATION,EDR,POWER-B-AST-0020,2026-07-04 05:44:35,2026-07-04 05:54:35,2026-07-04 18:32:35,FALSE_POSITIVE
POWER-B,POWER-B-ALT-00299,Config Change activity detected,Automated CONFIG_CHANGE alert on asset POWER-B-AST-0013,HIGH,CONFIG_CHANGE,EDR,POWER-B-AST-0013,2026-07-27 06:32:22,2026-07-27 06:55:22,2026-07-27 09:46:22,CLOSED
POWER-B,POWER-B-ALT-00300,Config Change activity detected,Automated CONFIG_CHANGE alert on asset POWER-B-AST-0038,INFO,CONFIG_CHANGE,NDR,POWER-B-AST-0038,2026-09-04 20:40:31,2026-09-04 20:51:31,2026-09-05 00:03:31,CLOSED
POWER-B,POWER-B-ALT-00301,Data Exfiltration activity detected,Automated DATA_EXFILTRATION alert on asset POWER-B-AST-0039,MEDIUM,DATA_EXFILTRATION,SIEM,POWER-B-AST-0039,2026-09-26 08:08:02,2026-09-26 08:32:02,2026-09-26 18:38:02,FALSE_POSITIVE
POWER-B,POWER-B-ALT-00302,Phishing activity detected,Automated PHISHING alert on asset POWER-B-AST-0026,HIGH,PHISHING,NDR,POWER-B-AST-0026,2026-09-15 00:42:04,2026-09-15 00:57:04,2026-09-15 02:32:04,CLOSED
POWER-B,POWER-B-ALT-00303,Config Change activity detected,Automated CONFIG_CHANGE alert on asset POWER-B-AST-0036,MEDIUM,CONFIG_CHANGE,NDR,POWER-B-AST-0036,2026-08-20 13:03:03,2026-08-20 13:15:03,2026-08-21 03:01:03,CLOSED
POWER-B,POWER-B-ALT-00304,Unauthorized Access activity detected,Automated UNAUTHORIZED_ACCESS alert on asset POWER-B-AST-0038,LOW,UNAUTHORIZED_ACCESS,SIEM,POWER-B-AST-0038,2026-09-30 07:41:24,2026-09-30 08:07:24,2026-09-30 21:29:24,FALSE_POSITIVE
POWER-B,POWER-B-ALT-00305,Policy Violation activity detected,Automated POLICY_VIOLATION alert on asset POWER-B-AST-0035,HIGH,POLICY_VIOLATION,NDR,POWER-B-AST-0035,2026-09-10 09:30:57,2026-09-10 10:00:57,2026-09-10 11:53:57,FALSE_POSITIVE
POWER-B,POWER-B-ALT-00306,Malware activity detected,Automated MALWARE alert on asset POWER-B-AST-0024,LOW,MALWARE,NDR,POWER-B-AST-0024,2026-08-13 09:11:29,2026-08-13 09:16:29,2026-08-13 18:42:29,CLOSED
POWER-B,POWER-B-ALT-00307,Config Change activity detected,Automated CONFIG_CHANGE alert on asset POWER-B-AST-0013,CRITICAL,CONFIG_CHANGE,WAF,POWER-B-AST-0013,2026-08-21 02:14:17,2026-08-21 02:16:17,2026-08-21 02:19:17,FALSE_POSITIVE
POWER-B,POWER-B-ALT-00308,Malware activity detected,Automated MALWARE alert on asset POWER-B-AST-0020,MEDIUM,MALWARE,NDR,POWER-B-AST-0020,2026-07-26 19:59:55,2026-07-26 20:17:55,2026-07-27 02:51:55,CLOSED
POWER-B,POWER-B-ALT-00309,Config Change activity detected,Automated CONFIG_CHANGE alert on asset POWER-B-AST-0022,LOW,CONFIG_CHANGE,EDR,POWER-B-AST-0022,2026-09-01 03:42:18,2026-09-01 03:45:18,2026-09-01 10:31:18,CLOSED
POWER-B,POWER-B-ALT-00310,Unauthorized Access activity detected,Automated UNAUTHORIZED_ACCESS alert on asset POWER-B-AST-0004,MEDIUM,UNAUTHORIZED_ACCESS,EDR,POWER-B-AST-0004,2026-08-02 02:54:15,2026-08-02 03:17:15,2026-08-02 08:24:15,CLOSED
POWER-B,POWER-B-ALT-00311,Policy Violation activity detected,Automated POLICY_VIOLATION alert on asset POWER-B-AST-0018,HIGH,POLICY_VIOLATION,WAF,POWER-B-AST-0018,2026-09-27 03:30:25,2026-09-27 03:56:25,2026-09-27 06:23:25,FALSE_POSITIVE
POWER-B,POWER-B-ALT-00312,Malware activity detected,Automated MALWARE alert on asset POWER-B-AST-0011,MEDIUM,MALWARE,NDR,POWER-B-AST-0011,2026-08-30 02:00:43,2026-08-30 02:14:43,2026-08-30 19:04:43,CLOSED
POWER-B,POWER-B-ALT-00313,Policy Violation activity detected,Automated POLICY_VIOLATION alert on asset POWER-B-AST-0020,CRITICAL,POLICY_VIOLATION,NDR,POWER-B-AST-0020,2026-08-10 14:59:47,2026-08-10 15:00:47,2026-08-10 15:02:47,CLOSED
POWER-B,POWER-B-ALT-00314,Policy Violation activity detected,Automated POLICY_VIOLATION alert on asset POWER-B-AST-0031,LOW,POLICY_VIOLATION,EDR,POWER-B-AST-0031,2026-08-08 12:50:40,2026-08-08 13:16:40,2026-08-09 10:30:40,FALSE_POSITIVE
POWER-B,POWER-B-ALT-00315,Policy Violation activity detected,Automated POLICY_VIOLATION alert on asset POWER-B-AST-0036,CRITICAL,POLICY_VIOLATION,SIEM,POWER-B-AST-0036,2026-07-17 19:56:07,2026-07-17 20:08:07,2026-07-17 21:42:07,CLOSED
POWER-B,POWER-B-ALT-00316,Config Change activity detected,Automated CONFIG_CHANGE alert on asset POWER-B-AST-0017,MEDIUM,CONFIG_CHANGE,SIEM,POWER-B-AST-0017,2026-07-22 11:37:52,2026-07-22 11:55:52,2026-07-22 19:24:52,FALSE_POSITIVE
POWER-B,POWER-B-ALT-00317,Config Change activity detected,Automated CONFIG_CHANGE alert on asset POWER-B-AST-0001,MEDIUM,CONFIG_CHANGE,NDR,POWER-B-AST-0001,2026-08-28 17:53:25,2026-08-28 17:59:25,2026-08-29 17:43:25,CLOSED
POWER-B,POWER-B-ALT-00318,Config Change activity detected,Automated CONFIG_CHANGE alert on asset POWER-B-AST-0001,MEDIUM,CONFIG_CHANGE,WAF,POWER-B-AST-0001,2026-07-20 13:45:49,2026-07-20 13:50:49,2026-07-21 02:42:49,CLOSED
POWER-B,POWER-B-ALT-00319,Unauthorized Access activity detected,Automated UNAUTHORIZED_ACCESS alert on asset POWER-B-AST-0041,MEDIUM,UNAUTHORIZED_ACCESS,EDR,POWER-B-AST-0041,2026-07-13 20:38:22,2026-07-13 20:45:22,2026-07-14 10:48:22,CLOSED
POWER-B,POWER-B-ALT-00320,Config Change activity detected,Automated CONFIG_CHANGE alert on asset POWER-B-AST-0027,HIGH,CONFIG_CHANGE,WAF,POWER-B-AST-0027,2026-08-31 15:28:57,2026-08-31 15:47:57,2026-08-31 19:28:57,FALSE_POSITIVE
POWER-B,POWER-B-ALT-00321,Phishing activity detected,Automated PHISHING alert on asset POWER-B-AST-0041,MEDIUM,PHISHING,EDR,POWER-B-AST-0041,2026-07-22 07:14:21,2026-07-22 07:35:21,2026-07-22 08:19:21,CLOSED
POWER-B,POWER-B-ALT-00322,Config Change activity detected,Automated CONFIG_CHANGE alert on asset POWER-B-AST-0001,HIGH,CONFIG_CHANGE,WAF,POWER-B-AST-0001,2026-09-06 04:53:50,2026-09-06 05:16:50,2026-09-06 07:50:50,CLOSED
POWER-B,POWER-B-ALT-00323,Phishing activity detected,Automated PHISHING alert on asset POWER-B-AST-0044,HIGH,PHISHING,SIEM,POWER-B-AST-0044,2026-09-04 05:28:28,2026-09-04 05:36:28,2026-09-04 07:51:28,CLOSED
POWER-B,POWER-B-ALT-00324,Policy Violation activity detected,Automated POLICY_VIOLATION alert on asset POWER-B-AST-0014,HIGH,POLICY_VIOLATION,NDR,POWER-B-AST-0014,2026-07-19 13:44:40,2026-07-19 13:46:40,2026-07-19 15:43:40,CLOSED
POWER-B,POWER-B-ALT-00325,Config Change activity detected,Automated CONFIG_CHANGE alert on asset POWER-B-AST-0019,INFO,CONFIG_CHANGE,NDR,POWER-B-AST-0019,2026-07-10 20:15:41,2026-07-10 20:42:41,2026-07-10 23:44:41,FALSE_POSITIVE
POWER-B,POWER-B-ALT-00326,Phishing activity detected,Automated PHISHING alert on asset POWER-B-AST-0044,LOW,PHISHING,SIEM,POWER-B-AST-0044,2026-07-17 11:20:22,2026-07-17 11:38:22,2026-07-18 07:18:22,CLOSED
POWER-B,POWER-B-ALT-00327,Malware activity detected,Automated MALWARE alert on asset POWER-B-AST-0036,LOW,MALWARE,WAF,POWER-B-AST-0036,2026-08-10 09:12:15,2026-08-10 09:20:15,2026-08-11 03:41:15,CLOSED
POWER-B,POWER-B-ALT-00328,Policy Violation activity detected,Automated POLICY_VIOLATION alert on asset POWER-B-AST-0010,LOW,POLICY_VIOLATION,NDR,POWER-B-AST-0010,2026-09-15 04:16:17,2026-09-15 04:29:17,2026-09-15 18:30:17,CLOSED
POWER-B,POWER-B-ALT-00329,Phishing activity detected,Automated PHISHING alert on asset POWER-B-AST-0030,LOW,PHISHING,SIEM,POWER-B-AST-0030,2026-08-15 03:19:06,2026-08-15 03:40:06,2026-08-15 23:38:06,CLOSED
POWER-B,POWER-B-ALT-00330,Unauthorized Access activity detected,Automated UNAUTHORIZED_ACCESS alert on asset POWER-B-AST-0021,MEDIUM,UNAUTHORIZED_ACCESS,EDR,POWER-B-AST-0021,2026-07-11 07:41:37,2026-07-11 08:00:37,2026-07-12 06:06:37,CLOSED
POWER-B,POWER-B-ALT-00331,Dos activity detected,Automated DoS alert on asset POWER-B-AST-0040,MEDIUM,DoS,SIEM,POWER-B-AST-0040,2026-09-30 22:33:55,2026-09-30 22:38:55,2026-10-01 12:38:55,FALSE_POSITIVE
POWER-B,POWER-B-ALT-00332,Unauthorized Access activity detected,Automated UNAUTHORIZED_ACCESS alert on asset POWER-B-AST-0013,HIGH,UNAUTHORIZED_ACCESS,WAF,POWER-B-AST-0013,2026-07-25 21:09:26,2026-07-25 21:28:26,2026-07-25 21:34:26,CLOSED
POWER-B,POWER-B-ALT-00333,Config Change activity detected,Automated CONFIG_CHANGE alert on asset POWER-B-AST-0043,LOW,CONFIG_CHANGE,WAF,POWER-B-AST-0043,2026-08-24 14:00:48,2026-08-24 14:22:48,2026-08-25 03:27:48,FALSE_POSITIVE
POWER-B,POWER-B-ALT-00334,Config Change activity detected,Automated CONFIG_CHANGE alert on asset POWER-B-AST-0035,MEDIUM,CONFIG_CHANGE,EDR,POWER-B-AST-0035,2026-08-05 05:16:33,2026-08-05 05:26:33,2026-08-05 21:22:33,FALSE_POSITIVE
POWER-B,POWER-B-ALT-00335,Unauthorized Access activity detected,Automated UNAUTHORIZED_ACCESS alert on asset POWER-B-AST-0008,INFO,UNAUTHORIZED_ACCESS,WAF,POWER-B-AST-0008,2026-09-28 02:21:46,2026-09-28 02:46:46,2026-09-28 22:18:46,CLOSED
POWER-B,POWER-B-ALT-00336,Phishing activity detected,Automated PHISHING alert on asset POWER-B-AST-0005,HIGH,PHISHING,EDR,POWER-B-AST-0005,2026-09-03 15:18:59,2026-09-03 15:27:59,2026-09-03 16:50:59,FALSE_POSITIVE
POWER-B,POWER-B-ALT-00337,Config Change activity detected,Automated CONFIG_CHANGE alert on asset POWER-B-AST-0013,LOW,CONFIG_CHANGE,NDR,POWER-B-AST-0013,2026-07-31 08:34:23,2026-07-31 08:36:23,2026-07-31 18:46:23,CLOSED
POWER-B,POWER-B-ALT-00338,Config Change activity detected,Automated CONFIG_CHANGE alert on asset POWER-B-AST-0021,MEDIUM,CONFIG_CHANGE,EDR,POWER-B-AST-0021,2026-08-09 23:46:34,2026-08-09 23:56:34,2026-08-10 21:52:34,CLOSED
POWER-B,POWER-B-ALT-00339,Phishing activity detected,Automated PHISHING alert on asset POWER-B-AST-0010,LOW,PHISHING,EDR,POWER-B-AST-0010,2026-07-03 21:22:17,2026-07-03 21:37:17,2026-07-04 03:31:17,CLOSED
POWER-B,POWER-B-ALT-00340,Config Change activity detected,Automated CONFIG_CHANGE alert on asset POWER-B-AST-0022,INFO,CONFIG_CHANGE,WAF,POWER-B-AST-0022,2026-09-07 03:36:29,2026-09-07 04:00:29,2026-09-07 09:12:29,CLOSED
POWER-B,POWER-B-ALT-00341,Config Change activity detected,Automated CONFIG_CHANGE alert on asset POWER-B-AST-0001,LOW,CONFIG_CHANGE,WAF,POWER-B-AST-0001,2026-07-29 17:55:24,2026-07-29 18:24:24,2026-07-29 22:18:24,CLOSED
POWER-B,POWER-B-ALT-00342,Policy Violation activity detected,Automated POLICY_VIOLATION alert on asset POWER-B-AST-0006,LOW,POLICY_VIOLATION,EDR,POWER-B-AST-0006,2026-09-12 11:34:28,2026-09-12 11:52:28,2026-09-12 18:51:28,FALSE_POSITIVE
POWER-B,POWER-B-ALT-00343,Config Change activity detected,Automated CONFIG_CHANGE alert on asset POWER-B-AST-0007,HIGH,CONFIG_CHANGE,SIEM,POWER-B-AST-0007,2026-07-21 13:40:19,2026-07-21 13:58:19,2026-07-21 15:15:19,CLOSED
POWER-B,POWER-B-ALT-00344,Config Change activity detected,Automated CONFIG_CHANGE alert on asset POWER-B-AST-0002,LOW,CONFIG_CHANGE,SIEM,POWER-B-AST-0002,2026-07-03 11:43:15,2026-07-03 11:50:15,2026-07-04 02:22:15,CLOSED
POWER-B,POWER-B-ALT-00345,Policy Violation activity detected,Automated POLICY_VIOLATION alert on asset POWER-B-AST-0008,LOW,POLICY_VIOLATION,NDR,POWER-B-AST-0008,2026-07-20 10:28:02,2026-07-20 10:46:02,2026-07-21 02:19:02,FALSE_POSITIVE
POWER-B,POWER-B-ALT-00346,Config Change activity detected,Automated CONFIG_CHANGE alert on asset POWER-B-AST-0011,LOW,CONFIG_CHANGE,EDR,POWER-B-AST-0011,2026-09-26 11:43:44,2026-09-26 11:54:44,2026-09-27 08:01:44,FALSE_POSITIVE
POWER-B,POWER-B-ALT-00347,Data Exfiltration activity detected,Automated DATA_EXFILTRATION alert on asset POWER-B-AST-0018,HIGH,DATA_EXFILTRATION,WAF,POWER-B-AST-0018,2026-09-13 15:10:15,2026-09-13 15:39:15,2026-09-13 18:23:15,CLOSED
POWER-B,POWER-B-ALT-00348,Unauthorized Access activity detected,Automated UNAUTHORIZED_ACCESS alert on asset POWER-B-AST-0041,MEDIUM,UNAUTHORIZED_ACCESS,EDR,POWER-B-AST-0041,2026-07-24 03:54:57,2026-07-24 04:15:57,2026-07-24 17:41:57,CLOSED
POWER-B,POWER-B-ALT-00349,Config Change activity detected,Automated CONFIG_CHANGE alert on asset POWER-B-AST-0036,INFO,CONFIG_CHANGE,EDR,POWER-B-AST-0036,2026-08-24 13:41:28,2026-08-24 14:11:28,2026-08-25 09:51:28,FALSE_POSITIVE
POWER-B,POWER-B-ALT-00350,Phishing activity detected,Automated PHISHING alert on asset POWER-B-AST-0039,CRITICAL,PHISHING,SIEM,POWER-B-AST-0039,2026-08-10 12:49:30,2026-08-10 13:01:30,2026-08-10 13:02:30,CLOSED
POWER-B,POWER-B-ALT-00351,Unauthorized Access activity detected,Automated UNAUTHORIZED_ACCESS alert on asset POWER-B-AST-0010,LOW,UNAUTHORIZED_ACCESS,EDR,POWER-B-AST-0010,2026-09-17 14:01:13,2026-09-17 14:24:13,2026-09-17 15:10:13,CLOSED
POWER-B,POWER-B-ALT-00352,Policy Violation activity detected,Automated POLICY_VIOLATION alert on asset POWER-B-AST-0039,LOW,POLICY_VIOLATION,WAF,POWER-B-AST-0039,2026-08-15 14:30:56,2026-08-15 14:32:56,2026-08-16 04:47:56,CLOSED
POWER-B,POWER-B-ALT-00353,Malware activity detected,Automated MALWARE alert on asset POWER-B-AST-0039,LOW,MALWARE,NDR,POWER-B-AST-0039,2026-07-07 20:41:25,2026-07-07 21:05:25,2026-07-08 12:11:25,FALSE_POSITIVE
POWER-B,POWER-B-ALT-00354,Config Change activity detected,Automated CONFIG_CHANGE alert on asset POWER-B-AST-0011,LOW,CONFIG_CHANGE,NDR,POWER-B-AST-0011,2026-09-23 00:36:33,2026-09-23 01:05:33,2026-09-24 00:07:33,CLOSED
POWER-B,POWER-B-ALT-00355,Phishing activity detected,Automated PHISHING alert on asset POWER-B-AST-0029,LOW,PHISHING,WAF,POWER-B-AST-0029,2026-07-15 12:29:00,2026-07-15 12:33:00,2026-07-15 23:36:00,CLOSED
POWER-B,POWER-B-ALT-00356,Phishing activity detected,Automated PHISHING alert on asset POWER-B-AST-0022,MEDIUM,PHISHING,WAF,POWER-B-AST-0022,2026-09-26 15:16:58,2026-09-26 15:18:58,2026-09-27 06:51:58,FALSE_POSITIVE
POWER-B,POWER-B-ALT-00357,Phishing activity detected,Automated PHISHING alert on asset POWER-B-AST-0043,LOW,PHISHING,WAF,POWER-B-AST-0043,2026-08-21 04:10:13,2026-08-21 04:25:13,2026-08-21 06:07:13,CLOSED
POWER-B,POWER-B-ALT-00358,Policy Violation activity detected,Automated POLICY_VIOLATION alert on asset POWER-B-AST-0041,MEDIUM,POLICY_VIOLATION,SIEM,POWER-B-AST-0041,2026-08-30 14:32:31,2026-08-30 14:34:31,2026-08-31 02:26:31,CLOSED
POWER-B,POWER-B-ALT-00359,Unauthorized Access activity detected,Automated UNAUTHORIZED_ACCESS alert on asset POWER-B-AST-0017,LOW,UNAUTHORIZED_ACCESS,EDR,POWER-B-AST-0017,2026-09-05 12:59:30,2026-09-05 13:02:30,2026-09-06 05:51:30,CLOSED
POWER-B,POWER-B-ALT-00360,Policy Violation activity detected,Automated POLICY_VIOLATION alert on asset POWER-B-AST-0037,INFO,POLICY_VIOLATION,WAF,POWER-B-AST-0037,2026-07-05 05:31:30,2026-07-05 05:51:30,2026-07-05 19:53:30,CLOSED
POWER-B,POWER-B-ALT-00361,Phishing activity detected,Automated PHISHING alert on asset POWER-B-AST-0038,CRITICAL,PHISHING,EDR,POWER-B-AST-0038,2026-08-14 18:07:48,2026-08-14 18:11:48,2026-08-14 18:14:48,CLOSED
POWER-B,POWER-B-ALT-00362,Dos activity detected,Automated DoS alert on asset POWER-B-AST-0006,CRITICAL,DoS,EDR,POWER-B-AST-0006,2026-07-19 04:35:27,2026-07-19 04:36:27,2026-07-19 04:40:27,CLOSED
POWER-B,POWER-B-ALT-00363,Config Change activity detected,Automated CONFIG_CHANGE alert on asset POWER-B-AST-0038,MEDIUM,CONFIG_CHANGE,SIEM,POWER-B-AST-0038,2026-07-07 02:39:12,2026-07-07 02:43:12,2026-07-07 11:59:12,CLOSED
POWER-B,POWER-B-ALT-00364,Config Change activity detected,Automated CONFIG_CHANGE alert on asset POWER-B-AST-0026,MEDIUM,CONFIG_CHANGE,EDR,POWER-B-AST-0026,2026-09-21 21:25:10,2026-09-21 21:44:10,2026-09-22 09:46:10,FALSE_POSITIVE
POWER-B,POWER-B-ALT-00365,Phishing activity detected,Automated PHISHING alert on asset POWER-B-AST-0021,MEDIUM,PHISHING,EDR,POWER-B-AST-0021,2026-08-24 16:16:30,2026-08-24 16:29:30,2026-08-24 21:16:30,CLOSED
POWER-B,POWER-B-ALT-00366,Config Change activity detected,Automated CONFIG_CHANGE alert on asset POWER-B-AST-0003,LOW,CONFIG_CHANGE,EDR,POWER-B-AST-0003,2026-09-21 08:19:28,2026-09-21 08:49:28,2026-09-22 00:51:28,FALSE_POSITIVE
POWER-B,POWER-B-ALT-00367,Config Change activity detected,Automated CONFIG_CHANGE alert on asset POWER-B-AST-0016,MEDIUM,CONFIG_CHANGE,SIEM,POWER-B-AST-0016,2026-09-26 03:59:50,2026-09-26 04:25:50,2026-09-26 20:12:50,CLOSED
POWER-B,POWER-B-ALT-00368,Malware activity detected,Automated MALWARE alert on asset POWER-B-AST-0038,LOW,MALWARE,EDR,POWER-B-AST-0038,2026-08-27 17:15:10,2026-08-27 17:42:10,2026-08-28 07:14:10,CLOSED
POWER-B,POWER-B-ALT-00369,Unauthorized Access activity detected,Automated UNAUTHORIZED_ACCESS alert on asset POWER-B-AST-0027,MEDIUM,UNAUTHORIZED_ACCESS,EDR,POWER-B-AST-0027,2026-07-24 01:10:51,2026-07-24 01:11:51,2026-07-24 11:33:51,CLOSED
POWER-B,POWER-B-ALT-00370,Phishing activity detected,Automated PHISHING alert on asset POWER-B-AST-0001,HIGH,PHISHING,EDR,POWER-B-AST-0001,2026-07-02 07:34:52,2026-07-02 07:43:52,2026-07-02 10:25:52,CLOSED
POWER-B,POWER-B-ALT-00371,Dos activity detected,Automated DoS alert on asset POWER-B-AST-0010,LOW,DoS,WAF,POWER-B-AST-0010,2026-07-12 18:41:20,2026-07-12 18:42:20,2026-07-13 05:11:20,CLOSED
POWER-B,POWER-B-ALT-00372,Dos activity detected,Automated DoS alert on asset POWER-B-AST-0014,MEDIUM,DoS,SIEM,POWER-B-AST-0014,2026-08-12 17:22:28,2026-08-12 17:30:28,2026-08-13 16:18:28,CLOSED
POWER-B,POWER-B-ALT-00373,Unauthorized Access activity detected,Automated UNAUTHORIZED_ACCESS alert on asset POWER-B-AST-0010,MEDIUM,UNAUTHORIZED_ACCESS,EDR,POWER-B-AST-0010,2026-09-11 20:17:26,2026-09-11 20:29:26,2026-09-12 06:00:26,CLOSED
POWER-B,POWER-B-ALT-00374,Policy Violation activity detected,Automated POLICY_VIOLATION alert on asset POWER-B-AST-0015,MEDIUM,POLICY_VIOLATION,NDR,POWER-B-AST-0015,2026-09-09 11:52:36,2026-09-09 12:09:36,2026-09-10 09:06:36,CLOSED
POWER-B,POWER-B-ALT-00375,Config Change activity detected,Automated CONFIG_CHANGE alert on asset POWER-B-AST-0001,HIGH,CONFIG_CHANGE,EDR,POWER-B-AST-0001,2026-07-26 13:45:49,2026-07-26 14:11:49,2026-07-26 16:59:49,CLOSED
POWER-B,POWER-B-ALT-00376,Malware activity detected,Automated MALWARE alert on asset POWER-B-AST-0004,MEDIUM,MALWARE,EDR,POWER-B-AST-0004,2026-08-15 23:43:44,2026-08-15 23:52:44,2026-08-16 11:30:44,FALSE_POSITIVE
POWER-B,POWER-B-ALT-00377,Phishing activity detected,Automated PHISHING alert on asset POWER-B-AST-0028,HIGH,PHISHING,EDR,POWER-B-AST-0028,2026-07-29 06:58:32,2026-07-29 07:05:32,2026-07-29 09:45:32,CLOSED
POWER-B,POWER-B-ALT-00378,Phishing activity detected,Automated PHISHING alert on asset POWER-B-AST-0032,MEDIUM,PHISHING,WAF,POWER-B-AST-0032,2026-07-11 03:39:33,2026-07-11 03:53:33,2026-07-11 12:05:33,FALSE_POSITIVE
POWER-B,POWER-B-ALT-00379,Policy Violation activity detected,Automated POLICY_VIOLATION alert on asset POWER-B-AST-0038,MEDIUM,POLICY_VIOLATION,WAF,POWER-B-AST-0038,2026-09-11 15:45:38,2026-09-11 16:15:38,2026-09-12 09:17:38,CLOSED
POWER-B,POWER-B-ALT-00380,Config Change activity detected,Automated CONFIG_CHANGE alert on asset POWER-B-AST-0041,HIGH,CONFIG_CHANGE,WAF,POWER-B-AST-0041,2026-07-17 19:26:39,2026-07-17 19:40:39,2026-07-17 20:41:39,CLOSED
TELEC-C,TELEC-C-ALT-00001,Unauthorized Access activity detected,Automated UNAUTHORIZED_ACCESS alert on asset TELEC-C-AST-0027,MEDIUM,UNAUTHORIZED_ACCESS,EDR,TELEC-C-AST-0027,2026-09-13 07:08:47,2026-09-13 07:29:47,2026-09-13 22:50:47,CLOSED
TELEC-C,TELEC-C-ALT-00002,Policy Violation activity detected,Automated POLICY_VIOLATION alert on asset TELEC-C-AST-0018,MEDIUM,POLICY_VIOLATION,SIEM,TELEC-C-AST-0018,2026-07-12 05:21:27,2026-07-12 05:32:27,2026-07-13 03:07:27,CLOSED
TELEC-C,TELEC-C-ALT-00003,Phishing activity detected,Automated PHISHING alert on asset TELEC-C-AST-0059,LOW,PHISHING,NDR,TELEC-C-AST-0059,2026-09-18 03:53:19,2026-09-18 04:00:19,2026-09-18 05:58:19,CLOSED
TELEC-C,TELEC-C-ALT-00004,Policy Violation activity detected,Automated POLICY_VIOLATION alert on asset TELEC-C-AST-0007,LOW,POLICY_VIOLATION,SIEM,TELEC-C-AST-0007,2026-08-26 01:23:41,2026-08-26 01:24:41,2026-08-26 22:35:41,CLOSED
TELEC-C,TELEC-C-ALT-00005,Policy Violation activity detected,Automated POLICY_VIOLATION alert on asset TELEC-C-AST-0003,MEDIUM,POLICY_VIOLATION,WAF,TELEC-C-AST-0003,2026-07-17 05:30:20,2026-07-17 05:39:20,2026-07-17 11:37:20,CLOSED
TELEC-C,TELEC-C-ALT-00006,Phishing activity detected,Automated PHISHING alert on asset TELEC-C-AST-0008,INFO,PHISHING,NDR,TELEC-C-AST-0008,2026-08-26 13:27:25,2026-08-26 13:47:25,2026-08-27 09:24:25,FALSE_POSITIVE
TELEC-C,TELEC-C-ALT-00007,Phishing activity detected,Automated PHISHING alert on asset TELEC-C-AST-0070,MEDIUM,PHISHING,SIEM,TELEC-C-AST-0070,2026-08-17 05:12:16,2026-08-17 05:19:16,2026-08-17 23:43:16,CLOSED
TELEC-C,TELEC-C-ALT-00008,Unauthorized Access activity detected,Automated UNAUTHORIZED_ACCESS alert on asset TELEC-C-AST-0010,LOW,UNAUTHORIZED_ACCESS,WAF,TELEC-C-AST-0010,2026-09-20 13:10:44,2026-09-20 13:27:44,2026-09-20 19:29:44,CLOSED
TELEC-C,TELEC-C-ALT-00009,Policy Violation activity detected,Automated POLICY_VIOLATION alert on asset TELEC-C-AST-0066,MEDIUM,POLICY_VIOLATION,SIEM,TELEC-C-AST-0066,2026-07-30 19:50:28,2026-07-30 19:59:28,2026-07-31 06:06:28,FALSE_POSITIVE
TELEC-C,TELEC-C-ALT-00010,Phishing activity detected,Automated PHISHING alert on asset TELEC-C-AST-0056,LOW,PHISHING,NDR,TELEC-C-AST-0056,2026-09-10 21:06:33,2026-09-10 21:20:33,2026-09-11 04:28:33,CLOSED
TELEC-C,TELEC-C-ALT-00011,Phishing activity detected,Automated PHISHING alert on asset TELEC-C-AST-0002,MEDIUM,PHISHING,EDR,TELEC-C-AST-0002,2026-09-17 23:41:33,2026-09-17 23:54:33,2026-09-18 05:14:33,CLOSED
TELEC-C,TELEC-C-ALT-00012,Phishing activity detected,Automated PHISHING alert on asset TELEC-C-AST-0016,MEDIUM,PHISHING,SIEM,TELEC-C-AST-0016,2026-07-10 22:24:29,2026-07-10 22:27:29,2026-07-11 15:39:29,FALSE_POSITIVE
TELEC-C,TELEC-C-ALT-00013,Phishing activity detected,Automated PHISHING alert on asset TELEC-C-AST-0061,MEDIUM,PHISHING,SIEM,TELEC-C-AST-0061,2026-07-04 23:39:49,2026-07-04 23:47:49,2026-07-05 16:40:49,FALSE_POSITIVE
TELEC-C,TELEC-C-ALT-00014,Policy Violation activity detected,Automated POLICY_VIOLATION alert on asset TELEC-C-AST-0069,LOW,POLICY_VIOLATION,WAF,TELEC-C-AST-0069,2026-08-25 15:38:00,2026-08-25 16:03:00,2026-08-26 12:12:00,CLOSED
TELEC-C,TELEC-C-ALT-00015,Malware activity detected,Automated MALWARE alert on asset TELEC-C-AST-0040,LOW,MALWARE,EDR,TELEC-C-AST-0040,2026-07-29 06:40:31,2026-07-29 06:45:31,2026-07-30 00:21:31,CLOSED
TELEC-C,TELEC-C-ALT-00016,Malware activity detected,Automated MALWARE alert on asset TELEC-C-AST-0002,MEDIUM,MALWARE,SIEM,TELEC-C-AST-0002,2026-07-30 00:07:55,2026-07-30 00:32:55,2026-07-30 01:33:55,FALSE_POSITIVE
TELEC-C,TELEC-C-ALT-00017,Dos activity detected,Automated DoS alert on asset TELEC-C-AST-0063,MEDIUM,DoS,SIEM,TELEC-C-AST-0063,2026-09-21 15:32:46,2026-09-21 15:46:46,2026-09-22 15:32:46,FALSE_POSITIVE
TELEC-C,TELEC-C-ALT-00018,Phishing activity detected,Automated PHISHING alert on asset TELEC-C-AST-0056,HIGH,PHISHING,WAF,TELEC-C-AST-0056,2026-09-13 01:00:42,2026-09-13 01:11:42,2026-09-13 02:01:42,CLOSED
TELEC-C,TELEC-C-ALT-00019,Policy Violation activity detected,Automated POLICY_VIOLATION alert on asset TELEC-C-AST-0006,LOW,POLICY_VIOLATION,SIEM,TELEC-C-AST-0006,2026-07-19 05:34:04,2026-07-19 05:58:04,2026-07-20 02:07:04,FALSE_POSITIVE
TELEC-C,TELEC-C-ALT-00020,Unauthorized Access activity detected,Automated UNAUTHORIZED_ACCESS alert on asset TELEC-C-AST-0018,MEDIUM,UNAUTHORIZED_ACCESS,NDR,TELEC-C-AST-0018,2026-07-05 02:10:55,2026-07-05 02:15:55,2026-07-05 18:08:55,CLOSED
TELEC-C,TELEC-C-ALT-00021,Unauthorized Access activity detected,Automated UNAUTHORIZED_ACCESS alert on asset TELEC-C-AST-0011,LOW,UNAUTHORIZED_ACCESS,WAF,TELEC-C-AST-0011,2026-08-18 02:39:49,2026-08-18 02:57:49,2026-08-18 19:42:49,CLOSED
TELEC-C,TELEC-C-ALT-00022,Phishing activity detected,Automated PHISHING alert on asset TELEC-C-AST-0006,LOW,PHISHING,EDR,TELEC-C-AST-0006,2026-08-26 05:48:16,2026-08-26 06:03:16,2026-08-26 09:13:16,FALSE_POSITIVE
TELEC-C,TELEC-C-ALT-00023,Malware activity detected,Automated MALWARE alert on asset TELEC-C-AST-0022,INFO,MALWARE,SIEM,TELEC-C-AST-0022,2026-08-05 17:33:17,2026-08-05 17:44:17,2026-08-06 09:35:17,CLOSED
TELEC-C,TELEC-C-ALT-00024,Malware activity detected,Automated MALWARE alert on asset TELEC-C-AST-0033,INFO,MALWARE,NDR,TELEC-C-AST-0033,2026-07-19 02:44:52,2026-07-19 02:56:52,2026-07-19 11:42:52,FALSE_POSITIVE
TELEC-C,TELEC-C-ALT-00025,Phishing activity detected,Automated PHISHING alert on asset TELEC-C-AST-0053,INFO,PHISHING,SIEM,TELEC-C-AST-0053,2026-08-02 11:37:52,2026-08-02 11:38:52,2026-08-02 22:12:52,CLOSED
TELEC-C,TELEC-C-ALT-00026,Phishing activity detected,Automated PHISHING alert on asset TELEC-C-AST-0027,LOW,PHISHING,WAF,TELEC-C-AST-0027,2026-07-05 01:01:19,2026-07-05 01:19:19,2026-07-05 10:07:19,FALSE_POSITIVE
TELEC-C,TELEC-C-ALT-00027,Policy Violation activity detected,Automated POLICY_VIOLATION alert on asset TELEC-C-AST-0008,LOW,POLICY_VIOLATION,EDR,TELEC-C-AST-0008,2026-07-08 21:51:48,2026-07-08 22:08:48,2026-07-09 09:47:48,CLOSED
TELEC-C,TELEC-C-ALT-00028,Dos activity detected,Automated DoS alert on asset TELEC-C-AST-0032,LOW,DoS,WAF,TELEC-C-AST-0032,2026-09-27 11:54:14,2026-09-27 11:57:14,2026-09-27 16:15:14,FALSE_POSITIVE
TELEC-C,TELEC-C-ALT-00029,Policy Violation activity detected,Automated POLICY_VIOLATION alert on asset TELEC-C-AST-0043,LOW,POLICY_VIOLATION,SIEM,TELEC-C-AST-0043,2026-07-24 04:45:14,2026-07-24 04:53:14,2026-07-25 01:34:14,CLOSED
TELEC-C,TELEC-C-ALT-00030,Dos activity detected,Automated DoS alert on asset TELEC-C-AST-0011,HIGH,DoS,EDR,TELEC-C-AST-0011,2026-09-14 15:42:28,2026-09-14 16:04:28,2026-09-14 20:41:28,FALSE_POSITIVE
TELEC-C,TELEC-C-ALT-00031,Data Exfiltration activity detected,Automated DATA_EXFILTRATION alert on asset TELEC-C-AST-0025,LOW,DATA_EXFILTRATION,NDR,TELEC-C-AST-0025,2026-09-04 23:42:17,2026-09-04 23:57:17,2026-09-05 21:42:17,FALSE_POSITIVE
TELEC-C,TELEC-C-ALT-00032,Unauthorized Access activity detected,Automated UNAUTHORIZED_ACCESS alert on asset TELEC-C-AST-0017,MEDIUM,UNAUTHORIZED_ACCESS,EDR,TELEC-C-AST-0017,2026-08-02 17:26:50,2026-08-02 17:28:50,2026-08-02 23:14:50,CLOSED
TELEC-C,TELEC-C-ALT-00033,Malware activity detected,Automated MALWARE alert on asset TELEC-C-AST-0030,INFO,MALWARE,SIEM,TELEC-C-AST-0030,2026-07-04 22:17:29,2026-07-04 22:23:29,2026-07-05 10:25:29,CLOSED
TELEC-C,TELEC-C-ALT-00034,Dos activity detected,Automated DoS alert on asset TELEC-C-AST-0056,LOW,DoS,EDR,TELEC-C-AST-0056,2026-09-07 06:36:58,2026-09-07 06:45:58,2026-09-08 06:08:58,FALSE_POSITIVE
TELEC-C,TELEC-C-ALT-00035,Phishing activity detected,Automated PHISHING alert on asset TELEC-C-AST-0058,LOW,PHISHING,NDR,TELEC-C-AST-0058,2026-07-28 15:45:16,2026-07-28 15:56:16,2026-07-28 17:44:16,CLOSED
TELEC-C,TELEC-C-ALT-00036,Phishing activity detected,Automated PHISHING alert on asset TELEC-C-AST-0057,MEDIUM,PHISHING,SIEM,TELEC-C-AST-0057,2026-07-08 08:04:58,2026-07-08 08:07:58,2026-07-09 00:13:58,CLOSED
TELEC-C,TELEC-C-ALT-00037,Policy Violation activity detected,Automated POLICY_VIOLATION alert on asset TELEC-C-AST-0055,LOW,POLICY_VIOLATION,EDR,TELEC-C-AST-0055,2026-07-25 06:39:55,2026-07-25 06:44:55,2026-07-25 10:53:55,CLOSED
TELEC-C,TELEC-C-ALT-00038,Dos activity detected,Automated DoS alert on asset TELEC-C-AST-0004,HIGH,DoS,WAF,TELEC-C-AST-0004,2026-07-11 19:18:56,2026-07-11 19:37:56,2026-07-11 22:12:56,CLOSED
TELEC-C,TELEC-C-ALT-00039,Policy Violation activity detected,Automated POLICY_VIOLATION alert on asset TELEC-C-AST-0002,LOW,POLICY_VIOLATION,WAF,TELEC-C-AST-0002,2026-07-05 10:46:08,2026-07-05 10:50:08,2026-07-06 03:16:08,CLOSED
TELEC-C,TELEC-C-ALT-00040,Dos activity detected,Automated DoS alert on asset TELEC-C-AST-0002,LOW,DoS,WAF,TELEC-C-AST-0002,2026-08-27 05:58:54,2026-08-27 06:17:54,2026-08-27 09:40:54,CLOSED
TELEC-C,TELEC-C-ALT-00041,Unauthorized Access activity detected,Automated UNAUTHORIZED_ACCESS alert on asset TELEC-C-AST-0011,LOW,UNAUTHORIZED_ACCESS,EDR,TELEC-C-AST-0011,2026-09-20 21:04:15,2026-09-20 21:15:15,2026-09-21 11:38:15,CLOSED
TELEC-C,TELEC-C-ALT-00042,Phishing activity detected,Automated PHISHING alert on asset TELEC-C-AST-0041,LOW,PHISHING,NDR,TELEC-C-AST-0041,2026-07-18 16:21:49,2026-07-18 16:35:49,2026-07-19 15:02:49,FALSE_POSITIVE
TELEC-C,TELEC-C-ALT-00043,Policy Violation activity detected,Automated POLICY_VIOLATION alert on asset TELEC-C-AST-0064,LOW,POLICY_VIOLATION,NDR,TELEC-C-AST-0064,2026-09-23 19:58:37,2026-09-23 20:26:37,2026-09-24 18:38:37,FALSE_POSITIVE
TELEC-C,TELEC-C-ALT-00044,Dos activity detected,Automated DoS alert on asset TELEC-C-AST-0068,HIGH,DoS,NDR,TELEC-C-AST-0068,2026-07-01 02:30:11,2026-07-01 02:46:11,2026-07-01 05:01:11,CLOSED
TELEC-C,TELEC-C-ALT-00045,Unauthorized Access activity detected,Automated UNAUTHORIZED_ACCESS alert on asset TELEC-C-AST-0001,INFO,UNAUTHORIZED_ACCESS,NDR,TELEC-C-AST-0001,2026-07-14 17:32:46,2026-07-14 17:49:46,2026-07-14 20:45:46,CLOSED
TELEC-C,TELEC-C-ALT-00046,Policy Violation activity detected,Automated POLICY_VIOLATION alert on asset TELEC-C-AST-0055,MEDIUM,POLICY_VIOLATION,WAF,TELEC-C-AST-0055,2026-07-07 09:14:37,2026-07-07 09:39:37,2026-07-07 12:30:37,CLOSED
TELEC-C,TELEC-C-ALT-00047,Policy Violation activity detected,Automated POLICY_VIOLATION alert on asset TELEC-C-AST-0024,HIGH,POLICY_VIOLATION,EDR,TELEC-C-AST-0024,2026-08-08 10:41:32,2026-08-08 10:45:32,2026-08-08 14:20:32,CLOSED
TELEC-C,TELEC-C-ALT-00048,Phishing activity detected,Automated PHISHING alert on asset TELEC-C-AST-0001,LOW,PHISHING,NDR,TELEC-C-AST-0001,2026-07-03 23:51:58,2026-07-04 00:19:58,2026-07-04 03:17:58,CLOSED
TELEC-C,TELEC-C-ALT-00049,Dos activity detected,Automated DoS alert on asset TELEC-C-AST-0017,MEDIUM,DoS,EDR,TELEC-C-AST-0017,2026-09-03 14:21:08,2026-09-03 14:46:08,2026-09-04 14:01:08,CLOSED
TELEC-C,TELEC-C-ALT-00050,Phishing activity detected,Automated PHISHING alert on asset TELEC-C-AST-0027,LOW,PHISHING,EDR,TELEC-C-AST-0027,2026-08-27 21:32:20,2026-08-27 21:34:20,2026-08-28 05:07:20,CLOSED
TELEC-C,TELEC-C-ALT-00051,Policy Violation activity detected,Automated POLICY_VIOLATION alert on asset TELEC-C-AST-0070,MEDIUM,POLICY_VIOLATION,EDR,TELEC-C-AST-0070,2026-07-28 22:37:57,2026-07-28 23:02:57,2026-07-29 19:23:57,FALSE_POSITIVE
TELEC-C,TELEC-C-ALT-00052,Policy Violation activity detected,Automated POLICY_VIOLATION alert on asset TELEC-C-AST-0010,HIGH,POLICY_VIOLATION,NDR,TELEC-C-AST-0010,2026-09-20 05:01:18,2026-09-20 05:26:18,2026-09-20 09:47:18,CLOSED
TELEC-C,TELEC-C-ALT-00053,Policy Violation activity detected,Automated POLICY_VIOLATION alert on asset TELEC-C-AST-0005,LOW,POLICY_VIOLATION,WAF,TELEC-C-AST-0005,2026-07-13 09:07:07,2026-07-13 09:37:07,2026-07-14 01:16:07,CLOSED
TELEC-C,TELEC-C-ALT-00054,Malware activity detected,Automated MALWARE alert on asset TELEC-C-AST-0051,LOW,MALWARE,NDR,TELEC-C-AST-0051,2026-07-28 02:07:55,2026-07-28 02:30:55,2026-07-28 19:26:55,CLOSED
TELEC-C,TELEC-C-ALT-00055,Data Exfiltration activity detected,Automated DATA_EXFILTRATION alert on asset TELEC-C-AST-0035,INFO,DATA_EXFILTRATION,EDR,TELEC-C-AST-0035,2026-07-28 04:24:03,2026-07-28 04:46:03,2026-07-28 14:38:03,CLOSED
TELEC-C,TELEC-C-ALT-00056,Malware activity detected,Automated MALWARE alert on asset TELEC-C-AST-0010,INFO,MALWARE,NDR,TELEC-C-AST-0010,2026-07-25 20:37:43,2026-07-25 20:42:43,2026-07-26 12:24:43,CLOSED
TELEC-C,TELEC-C-ALT-00057,Phishing activity detected,Automated PHISHING alert on asset TELEC-C-AST-0020,INFO,PHISHING,WAF,TELEC-C-AST-0020,2026-09-23 11:53:54,2026-09-23 12:19:54,2026-09-23 22:06:54,FALSE_POSITIVE
TELEC-C,TELEC-C-ALT-00058,Unauthorized Access activity detected,Automated UNAUTHORIZED_ACCESS alert on asset TELEC-C-AST-0017,HIGH,UNAUTHORIZED_ACCESS,NDR,TELEC-C-AST-0017,2026-09-17 23:30:23,2026-09-17 23:43:23,2026-09-18 02:14:23,FALSE_POSITIVE
TELEC-C,TELEC-C-ALT-00059,Phishing activity detected,Automated PHISHING alert on asset TELEC-C-AST-0063,LOW,PHISHING,WAF,TELEC-C-AST-0063,2026-07-22 12:56:15,2026-07-22 13:02:15,2026-07-22 19:56:15,FALSE_POSITIVE
TELEC-C,TELEC-C-ALT-00060,Malware activity detected,Automated MALWARE alert on asset TELEC-C-AST-0039,MEDIUM,MALWARE,SIEM,TELEC-C-AST-0039,2026-08-18 02:46:54,2026-08-18 03:11:54,2026-08-18 07:18:54,FALSE_POSITIVE
TELEC-C,TELEC-C-ALT-00061,Policy Violation activity detected,Automated POLICY_VIOLATION alert on asset TELEC-C-AST-0058,MEDIUM,POLICY_VIOLATION,WAF,TELEC-C-AST-0058,2026-09-10 06:31:55,2026-09-10 06:56:55,2026-09-10 13:43:55,FALSE_POSITIVE
TELEC-C,TELEC-C-ALT-00062,Unauthorized Access activity detected,Automated UNAUTHORIZED_ACCESS alert on asset TELEC-C-AST-0025,LOW,UNAUTHORIZED_ACCESS,NDR,TELEC-C-AST-0025,2026-07-29 19:05:52,2026-07-29 19:13:52,2026-07-30 07:19:52,CLOSED
TELEC-C,TELEC-C-ALT-00063,Data Exfiltration activity detected,Automated DATA_EXFILTRATION alert on asset TELEC-C-AST-0049,MEDIUM,DATA_EXFILTRATION,EDR,TELEC-C-AST-0049,2026-08-16 22:03:13,2026-08-16 22:07:13,2026-08-17 14:05:13,FALSE_POSITIVE
TELEC-C,TELEC-C-ALT-00064,Policy Violation activity detected,Automated POLICY_VIOLATION alert on asset TELEC-C-AST-0031,HIGH,POLICY_VIOLATION,EDR,TELEC-C-AST-0031,2026-07-18 13:26:32,2026-07-18 13:43:32,2026-07-18 14:19:32,CLOSED
TELEC-C,TELEC-C-ALT-00065,Policy Violation activity detected,Automated POLICY_VIOLATION alert on asset TELEC-C-AST-0013,LOW,POLICY_VIOLATION,SIEM,TELEC-C-AST-0013,2026-08-23 16:36:14,2026-08-23 16:43:14,2026-08-24 00:07:14,CLOSED
TELEC-C,TELEC-C-ALT-00066,Phishing activity detected,Automated PHISHING alert on asset TELEC-C-AST-0024,HIGH,PHISHING,NDR,TELEC-C-AST-0024,2026-07-05 11:39:38,2026-07-05 11:54:38,2026-07-05 12:58:38,CLOSED
TELEC-C,TELEC-C-ALT-00067,Data Exfiltration activity detected,Automated DATA_EXFILTRATION alert on asset TELEC-C-AST-0016,LOW,DATA_EXFILTRATION,EDR,TELEC-C-AST-0016,2026-07-04 02:54:16,2026-07-04 03:02:16,2026-07-04 15:19:16,CLOSED
TELEC-C,TELEC-C-ALT-00068,Data Exfiltration activity detected,Automated DATA_EXFILTRATION alert on asset TELEC-C-AST-0022,LOW,DATA_EXFILTRATION,WAF,TELEC-C-AST-0022,2026-08-05 14:27:37,2026-08-05 14:39:37,2026-08-06 09:49:37,CLOSED
TELEC-C,TELEC-C-ALT-00069,Unauthorized Access activity detected,Automated UNAUTHORIZED_ACCESS alert on asset TELEC-C-AST-0039,MEDIUM,UNAUTHORIZED_ACCESS,EDR,TELEC-C-AST-0039,2026-08-01 16:29:10,2026-08-01 16:41:10,2026-08-02 00:29:10,CLOSED
TELEC-C,TELEC-C-ALT-00070,Malware activity detected,Automated MALWARE alert on asset TELEC-C-AST-0057,MEDIUM,MALWARE,EDR,TELEC-C-AST-0057,2026-09-17 08:17:27,2026-09-17 08:30:27,2026-09-18 03:36:27,FALSE_POSITIVE
TELEC-C,TELEC-C-ALT-00071,Dos activity detected,Automated DoS alert on asset TELEC-C-AST-0001,LOW,DoS,EDR,TELEC-C-AST-0001,2026-09-22 20:20:06,2026-09-22 20:36:06,2026-09-23 18:34:06,CLOSED
TELEC-C,TELEC-C-ALT-00072,Unauthorized Access activity detected,Automated UNAUTHORIZED_ACCESS alert on asset TELEC-C-AST-0031,HIGH,UNAUTHORIZED_ACCESS,SIEM,TELEC-C-AST-0031,2026-09-16 02:05:03,2026-09-16 02:23:03,2026-09-16 03:31:03,FALSE_POSITIVE
TELEC-C,TELEC-C-ALT-00073,Phishing activity detected,Automated PHISHING alert on asset TELEC-C-AST-0052,LOW,PHISHING,NDR,TELEC-C-AST-0052,2026-08-20 02:27:03,2026-08-20 02:52:03,2026-08-20 10:50:03,CLOSED
TELEC-C,TELEC-C-ALT-00074,Policy Violation activity detected,Automated POLICY_VIOLATION alert on asset TELEC-C-AST-0065,INFO,POLICY_VIOLATION,WAF,TELEC-C-AST-0065,2026-09-07 11:17:13,2026-09-07 11:23:13,2026-09-07 15:35:13,CLOSED
TELEC-C,TELEC-C-ALT-00075,Phishing activity detected,Automated PHISHING alert on asset TELEC-C-AST-0035,INFO,PHISHING,NDR,TELEC-C-AST-0035,2026-08-25 11:04:06,2026-08-25 11:13:06,2026-08-26 00:53:06,CLOSED
TELEC-C,TELEC-C-ALT-00076,Phishing activity detected,Automated PHISHING alert on asset TELEC-C-AST-0004,HIGH,PHISHING,WAF,TELEC-C-AST-0004,2026-09-01 21:11:35,2026-09-01 21:17:35,2026-09-01 23:30:35,CLOSED
TELEC-C,TELEC-C-ALT-00077,Data Exfiltration activity detected,Automated DATA_EXFILTRATION alert on asset TELEC-C-AST-0050,LOW,DATA_EXFILTRATION,WAF,TELEC-C-AST-0050,2026-07-09 22:47:18,2026-07-09 23:09:18,2026-07-10 07:21:18,FALSE_POSITIVE
TELEC-C,TELEC-C-ALT-00078,Unauthorized Access activity detected,Automated UNAUTHORIZED_ACCESS alert on asset TELEC-C-AST-0050,MEDIUM,UNAUTHORIZED_ACCESS,EDR,TELEC-C-AST-0050,2026-07-23 03:42:55,2026-07-23 04:00:55,2026-07-23 11:04:55,FALSE_POSITIVE
TELEC-C,TELEC-C-ALT-00079,Policy Violation activity detected,Automated POLICY_VIOLATION alert on asset TELEC-C-AST-0045,HIGH,POLICY_VIOLATION,EDR,TELEC-C-AST-0045,2026-08-31 07:57:01,2026-08-31 08:11:01,2026-08-31 09:08:01,CLOSED
TELEC-C,TELEC-C-ALT-00080,Dos activity detected,Automated DoS alert on asset TELEC-C-AST-0016,LOW,DoS,EDR,TELEC-C-AST-0016,2026-07-17 07:40:56,2026-07-17 07:50:56,2026-07-18 03:24:56,CLOSED
TELEC-C,TELEC-C-ALT-00081,Policy Violation activity detected,Automated POLICY_VIOLATION alert on asset TELEC-C-AST-0003,MEDIUM,POLICY_VIOLATION,SIEM,TELEC-C-AST-0003,2026-07-05 11:59:43,2026-07-05 12:17:43,2026-07-05 16:44:43,CLOSED
TELEC-C,TELEC-C-ALT-00082,Policy Violation activity detected,Automated POLICY_VIOLATION alert on asset TELEC-C-AST-0020,INFO,POLICY_VIOLATION,SIEM,TELEC-C-AST-0020,2026-08-16 10:52:36,2026-08-16 11:02:36,2026-08-17 08:19:36,CLOSED
TELEC-C,TELEC-C-ALT-00083,Unauthorized Access activity detected,Automated UNAUTHORIZED_ACCESS alert on asset TELEC-C-AST-0023,MEDIUM,UNAUTHORIZED_ACCESS,WAF,TELEC-C-AST-0023,2026-08-07 04:28:48,2026-08-07 04:43:48,2026-08-07 20:21:48,FALSE_POSITIVE
TELEC-C,TELEC-C-ALT-00084,Dos activity detected,Automated DoS alert on asset TELEC-C-AST-0047,LOW,DoS,NDR,TELEC-C-AST-0047,2026-07-14 19:15:32,2026-07-14 19:38:32,2026-07-15 08:50:32,FALSE_POSITIVE
TELEC-C,TELEC-C-ALT-00085,Phishing activity detected,Automated PHISHING alert on asset TELEC-C-AST-0069,INFO,PHISHING,SIEM,TELEC-C-AST-0069,2026-08-11 18:56:49,2026-08-11 19:25:49,2026-08-12 14:44:49,CLOSED
TELEC-C,TELEC-C-ALT-00086,Unauthorized Access activity detected,Automated UNAUTHORIZED_ACCESS alert on asset TELEC-C-AST-0047,MEDIUM,UNAUTHORIZED_ACCESS,EDR,TELEC-C-AST-0047,2026-07-24 22:37:53,2026-07-24 22:56:53,2026-07-25 19:48:53,CLOSED
TELEC-C,TELEC-C-ALT-00087,Malware activity detected,Automated MALWARE alert on asset TELEC-C-AST-0038,MEDIUM,MALWARE,WAF,TELEC-C-AST-0038,2026-07-01 09:47:41,2026-07-01 09:53:41,2026-07-02 06:23:41,CLOSED
TELEC-C,TELEC-C-ALT-00088,Policy Violation activity detected,Automated POLICY_VIOLATION alert on asset TELEC-C-AST-0070,MEDIUM,POLICY_VIOLATION,WAF,TELEC-C-AST-0070,2026-07-19 17:02:10,2026-07-19 17:21:10,2026-07-20 02:16:10,CLOSED
TELEC-C,TELEC-C-ALT-00089,Policy Violation activity detected,Automated POLICY_VIOLATION alert on asset TELEC-C-AST-0024,MEDIUM,POLICY_VIOLATION,SIEM,TELEC-C-AST-0024,2026-09-16 06:24:18,2026-09-16 06:33:18,2026-09-17 03:56:18,FALSE_POSITIVE
TELEC-C,TELEC-C-ALT-00090,Dos activity detected,Automated DoS alert on asset TELEC-C-AST-0053,INFO,DoS,NDR,TELEC-C-AST-0053,2026-09-03 10:33:30,2026-09-03 10:52:30,2026-09-04 04:13:30,CLOSED
TELEC-C,TELEC-C-ALT-00091,Policy Violation activity detected,Automated POLICY_VIOLATION alert on asset TELEC-C-AST-0046,HIGH,POLICY_VIOLATION,WAF,TELEC-C-AST-0046,2026-08-25 07:06:01,2026-08-25 07:30:01,2026-08-25 11:19:01,CLOSED
TELEC-C,TELEC-C-ALT-00092,Policy Violation activity detected,Automated POLICY_VIOLATION alert on asset TELEC-C-AST-0047,INFO,POLICY_VIOLATION,SIEM,TELEC-C-AST-0047,2026-09-20 20:10:14,2026-09-20 20:17:14,2026-09-21 15:18:14,CLOSED
TELEC-C,TELEC-C-ALT-00093,Policy Violation activity detected,Automated POLICY_VIOLATION alert on asset TELEC-C-AST-0058,HIGH,POLICY_VIOLATION,EDR,TELEC-C-AST-0058,2026-07-11 00:57:46,2026-07-11 01:18:46,2026-07-11 03:17:46,CLOSED
TELEC-C,TELEC-C-ALT-00094,Malware activity detected,Automated MALWARE alert on asset TELEC-C-AST-0022,INFO,MALWARE,NDR,TELEC-C-AST-0022,2026-08-10 11:49:52,2026-08-10 12:14:52,2026-08-11 00:16:52,CLOSED
TELEC-C,TELEC-C-ALT-00095,Dos activity detected,Automated DoS alert on asset TELEC-C-AST-0019,INFO,DoS,SIEM,TELEC-C-AST-0019,2026-08-20 09:55:53,2026-08-20 10:13:53,2026-08-20 21:49:53,FALSE_POSITIVE
TELEC-C,TELEC-C-ALT-00096,Policy Violation activity detected,Automated POLICY_VIOLATION alert on asset TELEC-C-AST-0056,LOW,POLICY_VIOLATION,EDR,TELEC-C-AST-0056,2026-09-05 08:20:03,2026-09-05 08:30:03,2026-09-05 14:53:03,CLOSED
TELEC-C,TELEC-C-ALT-00097,Phishing activity detected,Automated PHISHING alert on asset TELEC-C-AST-0016,LOW,PHISHING,EDR,TELEC-C-AST-0016,2026-08-27 09:11:36,2026-08-27 09:17:36,2026-08-28 00:53:36,CLOSED
TELEC-C,TELEC-C-ALT-00098,Policy Violation activity detected,Automated POLICY_VIOLATION alert on asset TELEC-C-AST-0028,MEDIUM,POLICY_VIOLATION,WAF,TELEC-C-AST-0028,2026-09-09 06:26:47,2026-09-09 06:31:47,2026-09-09 07:33:47,FALSE_POSITIVE
TELEC-C,TELEC-C-ALT-00099,Phishing activity detected,Automated PHISHING alert on asset TELEC-C-AST-0069,HIGH,PHISHING,WAF,TELEC-C-AST-0069,2026-08-31 16:06:30,2026-08-31 16:30:30,2026-08-31 20:43:30,CLOSED
TELEC-C,TELEC-C-ALT-00100,Data Exfiltration activity detected,Automated DATA_EXFILTRATION alert on asset TELEC-C-AST-0058,INFO,DATA_EXFILTRATION,NDR,TELEC-C-AST-0058,2026-09-05 08:14:13,2026-09-05 08:22:13,2026-09-05 18:06:13,CLOSED
TELEC-C,TELEC-C-ALT-00101,Phishing activity detected,Automated PHISHING alert on asset TELEC-C-AST-0006,INFO,PHISHING,EDR,TELEC-C-AST-0006,2026-09-09 11:52:59,2026-09-09 12:13:59,2026-09-10 10:12:59,CLOSED
TELEC-C,TELEC-C-ALT-00102,Data Exfiltration activity detected,Automated DATA_EXFILTRATION alert on asset TELEC-C-AST-0002,MEDIUM,DATA_EXFILTRATION,WAF,TELEC-C-AST-0002,2026-07-01 14:36:30,2026-07-01 14:45:30,2026-07-02 06:41:30,CLOSED
TELEC-C,TELEC-C-ALT-00103,Policy Violation activity detected,Automated POLICY_VIOLATION alert on asset TELEC-C-AST-0018,HIGH,POLICY_VIOLATION,SIEM,TELEC-C-AST-0018,2026-09-28 03:22:23,2026-09-28 03:25:23,2026-09-28 07:46:23,CLOSED
TELEC-C,TELEC-C-ALT-00104,Data Exfiltration activity detected,Automated DATA_EXFILTRATION alert on asset TELEC-C-AST-0050,LOW,DATA_EXFILTRATION,NDR,TELEC-C-AST-0050,2026-08-11 15:40:37,2026-08-11 15:57:37,2026-08-11 23:54:37,FALSE_POSITIVE
TELEC-C,TELEC-C-ALT-00105,Dos activity detected,Automated DoS alert on asset TELEC-C-AST-0007,LOW,DoS,EDR,TELEC-C-AST-0007,2026-07-28 10:52:37,2026-07-28 11:14:37,2026-07-29 02:02:37,CLOSED
TELEC-C,TELEC-C-ALT-00106,Data Exfiltration activity detected,Automated DATA_EXFILTRATION alert on asset TELEC-C-AST-0002,INFO,DATA_EXFILTRATION,EDR,TELEC-C-AST-0002,2026-09-04 21:04:30,2026-09-04 21:08:30,2026-09-05 01:48:30,FALSE_POSITIVE
TELEC-C,TELEC-C-ALT-00107,Unauthorized Access activity detected,Automated UNAUTHORIZED_ACCESS alert on asset TELEC-C-AST-0049,MEDIUM,UNAUTHORIZED_ACCESS,WAF,TELEC-C-AST-0049,2026-07-15 05:12:07,2026-07-15 05:15:07,2026-07-15 13:22:07,CLOSED
TELEC-C,TELEC-C-ALT-00108,Malware activity detected,Automated MALWARE alert on asset TELEC-C-AST-0048,INFO,MALWARE,NDR,TELEC-C-AST-0048,2026-09-04 02:06:27,2026-09-04 02:24:27,2026-09-04 19:12:27,FALSE_POSITIVE
TELEC-C,TELEC-C-ALT-00109,Phishing activity detected,Automated PHISHING alert on asset TELEC-C-AST-0006,LOW,PHISHING,WAF,TELEC-C-AST-0006,2026-09-25 15:04:26,2026-09-25 15:12:26,2026-09-26 03:44:26,CLOSED
TELEC-C,TELEC-C-ALT-00110,Policy Violation activity detected,Automated POLICY_VIOLATION alert on asset TELEC-C-AST-0012,HIGH,POLICY_VIOLATION,EDR,TELEC-C-AST-0012,2026-08-09 09:03:06,2026-08-09 09:31:06,2026-08-09 10:45:06,CLOSED
TELEC-C,TELEC-C-ALT-00111,Data Exfiltration activity detected,Automated DATA_EXFILTRATION alert on asset TELEC-C-AST-0002,MEDIUM,DATA_EXFILTRATION,NDR,TELEC-C-AST-0002,2026-07-29 17:44:47,2026-07-29 17:45:47,2026-07-30 08:46:47,CLOSED
TELEC-C,TELEC-C-ALT-00112,Unauthorized Access activity detected,Automated UNAUTHORIZED_ACCESS alert on asset TELEC-C-AST-0030,LOW,UNAUTHORIZED_ACCESS,SIEM,TELEC-C-AST-0030,2026-07-04 01:03:09,2026-07-04 01:07:09,2026-07-04 09:35:09,CLOSED
TELEC-C,TELEC-C-ALT-00113,Unauthorized Access activity detected,Automated UNAUTHORIZED_ACCESS alert on asset TELEC-C-AST-0005,HIGH,UNAUTHORIZED_ACCESS,SIEM,TELEC-C-AST-0005,2026-07-08 11:43:52,2026-07-08 11:54:52,2026-07-08 16:13:52,FALSE_POSITIVE
TELEC-C,TELEC-C-ALT-00114,Malware activity detected,Automated MALWARE alert on asset TELEC-C-AST-0014,LOW,MALWARE,WAF,TELEC-C-AST-0014,2026-09-24 03:33:59,2026-09-24 03:45:59,2026-09-24 11:36:59,FALSE_POSITIVE
TELEC-C,TELEC-C-ALT-00115,Data Exfiltration activity detected,Automated DATA_EXFILTRATION alert on asset TELEC-C-AST-0063,LOW,DATA_EXFILTRATION,SIEM,TELEC-C-AST-0063,2026-09-30 00:03:04,2026-09-30 00:33:04,2026-09-30 14:04:04,CLOSED
TELEC-C,TELEC-C-ALT-00116,Policy Violation activity detected,Automated POLICY_VIOLATION alert on asset TELEC-C-AST-0016,MEDIUM,POLICY_VIOLATION,NDR,TELEC-C-AST-0016,2026-07-07 10:49:32,2026-07-07 11:03:32,2026-07-07 14:13:32,CLOSED
TELEC-C,TELEC-C-ALT-00117,Policy Violation activity detected,Automated POLICY_VIOLATION alert on asset TELEC-C-AST-0039,LOW,POLICY_VIOLATION,WAF,TELEC-C-AST-0039,2026-08-30 13:34:04,2026-08-30 13:47:04,2026-08-31 12:35:04,CLOSED
TELEC-C,TELEC-C-ALT-00118,Unauthorized Access activity detected,Automated UNAUTHORIZED_ACCESS alert on asset TELEC-C-AST-0042,LOW,UNAUTHORIZED_ACCESS,EDR,TELEC-C-AST-0042,2026-07-08 01:56:19,2026-07-08 02:00:19,2026-07-08 03:36:19,CLOSED
TELEC-C,TELEC-C-ALT-00119,Policy Violation activity detected,Automated POLICY_VIOLATION alert on asset TELEC-C-AST-0027,LOW,POLICY_VIOLATION,EDR,TELEC-C-AST-0027,2026-07-03 02:41:05,2026-07-03 02:58:05,2026-07-03 05:26:05,CLOSED
TELEC-C,TELEC-C-ALT-00120,Dos activity detected,Automated DoS alert on asset TELEC-C-AST-0069,INFO,DoS,EDR,TELEC-C-AST-0069,2026-07-15 07:33:41,2026-07-15 07:34:41,2026-07-15 17:24:41,CLOSED
TELEC-C,TELEC-C-ALT-00121,Malware activity detected,Automated MALWARE alert on asset TELEC-C-AST-0006,MEDIUM,MALWARE,EDR,TELEC-C-AST-0006,2026-07-23 16:38:40,2026-07-23 17:05:40,2026-07-24 08:59:40,CLOSED
TELEC-C,TELEC-C-ALT-00122,Data Exfiltration activity detected,Automated DATA_EXFILTRATION alert on asset TELEC-C-AST-0070,LOW,DATA_EXFILTRATION,EDR,TELEC-C-AST-0070,2026-09-16 08:41:06,2026-09-16 08:44:06,2026-09-16 19:23:06,CLOSED
TELEC-C,TELEC-C-ALT-00123,Phishing activity detected,Automated PHISHING alert on asset TELEC-C-AST-0025,LOW,PHISHING,EDR,TELEC-C-AST-0025,2026-09-11 02:04:25,2026-09-11 02:34:25,2026-09-11 22:16:25,CLOSED
TELEC-C,TELEC-C-ALT-00124,Data Exfiltration activity detected,Automated DATA_EXFILTRATION alert on asset TELEC-C-AST-0017,MEDIUM,DATA_EXFILTRATION,WAF,TELEC-C-AST-0017,2026-07-22 09:38:06,2026-07-22 10:03:06,2026-07-22 17:48:06,CLOSED
TELEC-C,TELEC-C-ALT-00125,Malware activity detected,Automated MALWARE alert on asset TELEC-C-AST-0034,LOW,MALWARE,NDR,TELEC-C-AST-0034,2026-08-21 10:20:42,2026-08-21 10:41:42,2026-08-22 08:58:42,FALSE_POSITIVE
TELEC-C,TELEC-C-ALT-00126,Policy Violation activity detected,Automated POLICY_VIOLATION alert on asset TELEC-C-AST-0045,LOW,POLICY_VIOLATION,NDR,TELEC-C-AST-0045,2026-09-19 15:04:26,2026-09-19 15:24:26,2026-09-19 18:24:26,CLOSED
TELEC-C,TELEC-C-ALT-00127,Malware activity detected,Automated MALWARE alert on asset TELEC-C-AST-0019,LOW,MALWARE,EDR,TELEC-C-AST-0019,2026-09-18 08:30:37,2026-09-18 08:51:37,2026-09-18 19:55:37,FALSE_POSITIVE
TELEC-C,TELEC-C-ALT-00128,Policy Violation activity detected,Automated POLICY_VIOLATION alert on asset TELEC-C-AST-0033,LOW,POLICY_VIOLATION,NDR,TELEC-C-AST-0033,2026-09-11 14:16:27,2026-09-11 14:36:27,2026-09-11 16:48:27,FALSE_POSITIVE
TELEC-C,TELEC-C-ALT-00129,Policy Violation activity detected,Automated POLICY_VIOLATION alert on asset TELEC-C-AST-0006,LOW,POLICY_VIOLATION,SIEM,TELEC-C-AST-0006,2026-08-07 15:35:47,2026-08-07 15:51:47,2026-08-08 07:43:47,FALSE_POSITIVE
TELEC-C,TELEC-C-ALT-00130,Malware activity detected,Automated MALWARE alert on asset TELEC-C-AST-0011,LOW,MALWARE,SIEM,TELEC-C-AST-0011,2026-08-23 07:47:39,2026-08-23 08:08:39,2026-08-23 12:59:39,FALSE_POSITIVE
TELEC-C,TELEC-C-ALT-00131,Malware activity detected,Automated MALWARE alert on asset TELEC-C-AST-0009,HIGH,MALWARE,SIEM,TELEC-C-AST-0009,2026-07-09 15:31:59,2026-07-09 15:43:59,2026-07-09 17:35:59,FALSE_POSITIVE
TELEC-C,TELEC-C-ALT-00132,Data Exfiltration activity detected,Automated DATA_EXFILTRATION alert on asset TELEC-C-AST-0019,MEDIUM,DATA_EXFILTRATION,WAF,TELEC-C-AST-0019,2026-07-13 13:23:41,2026-07-13 13:35:41,2026-07-14 04:51:41,FALSE_POSITIVE
TELEC-C,TELEC-C-ALT-00133,Data Exfiltration activity detected,Automated DATA_EXFILTRATION alert on asset TELEC-C-AST-0043,MEDIUM,DATA_EXFILTRATION,SIEM,TELEC-C-AST-0043,2026-09-18 21:22:11,2026-09-18 21:46:11,2026-09-19 18:14:11,CLOSED
TELEC-C,TELEC-C-ALT-00134,Policy Violation activity detected,Automated POLICY_VIOLATION alert on asset TELEC-C-AST-0017,LOW,POLICY_VIOLATION,SIEM,TELEC-C-AST-0017,2026-07-24 19:18:16,2026-07-24 19:24:16,2026-07-25 11:44:16,CLOSED
TELEC-C,TELEC-C-ALT-00135,Malware activity detected,Automated MALWARE alert on asset TELEC-C-AST-0004,HIGH,MALWARE,WAF,TELEC-C-AST-0004,2026-08-17 05:51:59,2026-08-17 06:03:59,2026-08-17 09:01:59,FALSE_POSITIVE
TELEC-C,TELEC-C-ALT-00136,Unauthorized Access activity detected,Automated UNAUTHORIZED_ACCESS alert on asset TELEC-C-AST-0036,MEDIUM,UNAUTHORIZED_ACCESS,EDR,TELEC-C-AST-0036,2026-09-30 05:43:27,2026-09-30 05:54:27,2026-10-01 02:36:27,FALSE_POSITIVE
TELEC-C,TELEC-C-ALT-00137,Data Exfiltration activity detected,Automated DATA_EXFILTRATION alert on asset TELEC-C-AST-0033,MEDIUM,DATA_EXFILTRATION,WAF,TELEC-C-AST-0033,2026-07-12 05:59:14,2026-07-12 06:04:14,2026-07-12 16:02:14,CLOSED
TELEC-C,TELEC-C-ALT-00138,Policy Violation activity detected,Automated POLICY_VIOLATION alert on asset TELEC-C-AST-0049,HIGH,POLICY_VIOLATION,NDR,TELEC-C-AST-0049,2026-07-23 08:55:58,2026-07-23 09:03:58,2026-07-23 11:30:58,CLOSED
TELEC-C,TELEC-C-ALT-00139,Data Exfiltration activity detected,Automated DATA_EXFILTRATION alert on asset TELEC-C-AST-0053,HIGH,DATA_EXFILTRATION,WAF,TELEC-C-AST-0053,2026-07-09 13:01:27,2026-07-09 13:18:27,2026-07-09 14:18:27,FALSE_POSITIVE
TELEC-C,TELEC-C-ALT-00140,Phishing activity detected,Automated PHISHING alert on asset TELEC-C-AST-0025,HIGH,PHISHING,EDR,TELEC-C-AST-0025,2026-08-23 11:38:39,2026-08-23 11:49:39,2026-08-23 14:28:39,CLOSED
TELEC-C,TELEC-C-ALT-00141,Dos activity detected,Automated DoS alert on asset TELEC-C-AST-0014,HIGH,DoS,SIEM,TELEC-C-AST-0014,2026-08-10 01:33:59,2026-08-10 01:34:59,2026-08-10 02:54:59,FALSE_POSITIVE
TELEC-C,TELEC-C-ALT-00142,Phishing activity detected,Automated PHISHING alert on asset TELEC-C-AST-0069,LOW,PHISHING,WAF,TELEC-C-AST-0069,2026-09-26 07:44:09,2026-09-26 07:57:09,2026-09-27 03:45:09,FALSE_POSITIVE
TELEC-C,TELEC-C-ALT-00143,Dos activity detected,Automated DoS alert on asset TELEC-C-AST-0036,MEDIUM,DoS,NDR,TELEC-C-AST-0036,2026-09-08 19:35:21,2026-09-08 19:46:21,2026-09-08 21:50:21,CLOSED
TELEC-C,TELEC-C-ALT-00144,Unauthorized Access activity detected,Automated UNAUTHORIZED_ACCESS alert on asset TELEC-C-AST-0057,LOW,UNAUTHORIZED_ACCESS,SIEM,TELEC-C-AST-0057,2026-08-21 14:15:56,2026-08-21 14:39:56,2026-08-21 17:40:56,FALSE_POSITIVE
TELEC-C,TELEC-C-ALT-00145,Malware activity detected,Automated MALWARE alert on asset TELEC-C-AST-0068,LOW,MALWARE,NDR,TELEC-C-AST-0068,2026-09-23 17:53:23,2026-09-23 18:08:23,2026-09-24 03:38:23,CLOSED
TELEC-C,TELEC-C-ALT-00146,Data Exfiltration activity detected,Automated DATA_EXFILTRATION alert on asset TELEC-C-AST-0036,INFO,DATA_EXFILTRATION,SIEM,TELEC-C-AST-0036,2026-08-21 06:53:46,2026-08-21 07:22:46,2026-08-21 19:49:46,CLOSED
TELEC-C,TELEC-C-ALT-00147,Unauthorized Access activity detected,Automated UNAUTHORIZED_ACCESS alert on asset TELEC-C-AST-0053,MEDIUM,UNAUTHORIZED_ACCESS,EDR,TELEC-C-AST-0053,2026-08-05 17:46:50,2026-08-05 17:55:50,2026-08-06 03:15:50,CLOSED
TELEC-C,TELEC-C-ALT-00148,Policy Violation activity detected,Automated POLICY_VIOLATION alert on asset TELEC-C-AST-0021,MEDIUM,POLICY_VIOLATION,WAF,TELEC-C-AST-0021,2026-09-13 00:41:34,2026-09-13 01:09:34,2026-09-13 12:27:34,CLOSED
TELEC-C,TELEC-C-ALT-00149,Phishing activity detected,Automated PHISHING alert on asset TELEC-C-AST-0011,MEDIUM,PHISHING,SIEM,TELEC-C-AST-0011,2026-07-06 09:02:22,2026-07-06 09:14:22,2026-07-06 22:20:22,FALSE_POSITIVE
TELEC-C,TELEC-C-ALT-00150,Phishing activity detected,Automated PHISHING alert on asset TELEC-C-AST-0013,LOW,PHISHING,SIEM,TELEC-C-AST-0013,2026-09-19 19:17:40,2026-09-19 19:23:40,2026-09-20 04:26:40,CLOSED
TELEC-C,TELEC-C-ALT-00151,Policy Violation activity detected,Automated POLICY_VIOLATION alert on asset TELEC-C-AST-0002,LOW,POLICY_VIOLATION,WAF,TELEC-C-AST-0002,2026-08-29 16:18:13,2026-08-29 16:32:13,2026-08-30 06:05:13,CLOSED
TELEC-C,TELEC-C-ALT-00152,Malware activity detected,Automated MALWARE alert on asset TELEC-C-AST-0026,MEDIUM,MALWARE,EDR,TELEC-C-AST-0026,2026-09-30 02:59:10,2026-09-30 03:17:10,2026-09-30 12:07:10,CLOSED
TELEC-C,TELEC-C-ALT-00153,Dos activity detected,Automated DoS alert on asset TELEC-C-AST-0048,INFO,DoS,SIEM,TELEC-C-AST-0048,2026-09-21 04:22:11,2026-09-21 04:25:11,2026-09-21 12:47:11,CLOSED
TELEC-C,TELEC-C-ALT-00154,Unauthorized Access activity detected,Automated UNAUTHORIZED_ACCESS alert on asset TELEC-C-AST-0061,LOW,UNAUTHORIZED_ACCESS,EDR,TELEC-C-AST-0061,2026-08-16 20:44:56,2026-08-16 21:06:56,2026-08-17 14:18:56,CLOSED
TELEC-C,TELEC-C-ALT-00155,Dos activity detected,Automated DoS alert on asset TELEC-C-AST-0002,LOW,DoS,WAF,TELEC-C-AST-0002,2026-09-04 03:30:01,2026-09-04 04:00:01,2026-09-04 04:57:01,CLOSED
TELEC-C,TELEC-C-ALT-00156,Data Exfiltration activity detected,Automated DATA_EXFILTRATION alert on asset TELEC-C-AST-0038,LOW,DATA_EXFILTRATION,EDR,TELEC-C-AST-0038,2026-08-04 15:40:43,2026-08-04 15:46:43,2026-08-04 16:58:43,CLOSED
TELEC-C,TELEC-C-ALT-00157,Data Exfiltration activity detected,Automated DATA_EXFILTRATION alert on asset TELEC-C-AST-0040,INFO,DATA_EXFILTRATION,EDR,TELEC-C-AST-0040,2026-09-03 03:05:11,2026-09-03 03:31:11,2026-09-04 00:55:11,CLOSED
TELEC-C,TELEC-C-ALT-00158,Policy Violation activity detected,Automated POLICY_VIOLATION alert on asset TELEC-C-AST-0069,MEDIUM,POLICY_VIOLATION,WAF,TELEC-C-AST-0069,2026-07-14 14:04:24,2026-07-14 14:05:24,2026-07-15 12:30:24,CLOSED
TELEC-C,TELEC-C-ALT-00159,Policy Violation activity detected,Automated POLICY_VIOLATION alert on asset TELEC-C-AST-0059,LOW,POLICY_VIOLATION,NDR,TELEC-C-AST-0059,2026-07-08 16:00:48,2026-07-08 16:05:48,2026-07-09 06:32:48,CLOSED
TELEC-C,TELEC-C-ALT-00160,Policy Violation activity detected,Automated POLICY_VIOLATION alert on asset TELEC-C-AST-0028,MEDIUM,POLICY_VIOLATION,SIEM,TELEC-C-AST-0028,2026-08-15 07:27:32,2026-08-15 07:39:32,2026-08-15 09:44:32,CLOSED
TELEC-C,TELEC-C-ALT-00161,Unauthorized Access activity detected,Automated UNAUTHORIZED_ACCESS alert on asset TELEC-C-AST-0036,MEDIUM,UNAUTHORIZED_ACCESS,WAF,TELEC-C-AST-0036,2026-07-09 01:53:12,2026-07-09 02:18:12,2026-07-10 00:57:12,CLOSED
TELEC-C,TELEC-C-ALT-00162,Malware activity detected,Automated MALWARE alert on asset TELEC-C-AST-0067,MEDIUM,MALWARE,SIEM,TELEC-C-AST-0067,2026-09-16 23:34:33,2026-09-16 23:55:33,2026-09-17 15:21:33,CLOSED
TELEC-C,TELEC-C-ALT-00163,Dos activity detected,Automated DoS alert on asset TELEC-C-AST-0047,INFO,DoS,SIEM,TELEC-C-AST-0047,2026-08-19 06:43:33,2026-08-19 07:12:33,2026-08-19 13:44:33,CLOSED
TELEC-C,TELEC-C-ALT-00164,Malware activity detected,Automated MALWARE alert on asset TELEC-C-AST-0019,LOW,MALWARE,NDR,TELEC-C-AST-0019,2026-08-23 15:31:14,2026-08-23 16:00:14,2026-08-24 05:29:14,CLOSED
TELEC-C,TELEC-C-ALT-00165,Data Exfiltration activity detected,Automated DATA_EXFILTRATION alert on asset TELEC-C-AST-0049,MEDIUM,DATA_EXFILTRATION,SIEM,TELEC-C-AST-0049,2026-07-12 04:28:36,2026-07-12 04:42:36,2026-07-12 15:40:36,CLOSED
TELEC-C,TELEC-C-ALT-00166,Malware activity detected,Automated MALWARE alert on asset TELEC-C-AST-0058,LOW,MALWARE,EDR,TELEC-C-AST-0058,2026-08-04 20:25:27,2026-08-04 20:47:27,2026-08-05 01:46:27,FALSE_POSITIVE
TELEC-C,TELEC-C-ALT-00167,Unauthorized Access activity detected,Automated UNAUTHORIZED_ACCESS alert on asset TELEC-C-AST-0056,HIGH,UNAUTHORIZED_ACCESS,WAF,TELEC-C-AST-0056,2026-09-28 22:31:38,2026-09-28 23:00:38,2026-09-28 23:37:38,CLOSED
TELEC-C,TELEC-C-ALT-00168,Policy Violation activity detected,Automated POLICY_VIOLATION alert on asset TELEC-C-AST-0022,CRITICAL,POLICY_VIOLATION,EDR,TELEC-C-AST-0022,2026-09-02 16:57:56,2026-09-02 17:25:56,2026-09-02 18:59:56,CLOSED
TELEC-C,TELEC-C-ALT-00169,Data Exfiltration activity detected,Automated DATA_EXFILTRATION alert on asset TELEC-C-AST-0056,HIGH,DATA_EXFILTRATION,SIEM,TELEC-C-AST-0056,2026-07-16 00:57:19,2026-07-16 01:01:19,2026-07-16 05:56:19,CLOSED
TELEC-C,TELEC-C-ALT-00170,Malware activity detected,Automated MALWARE alert on asset TELEC-C-AST-0041,MEDIUM,MALWARE,EDR,TELEC-C-AST-0041,2026-07-21 12:18:51,2026-07-21 12:37:51,2026-07-21 17:30:51,FALSE_POSITIVE
TELEC-C,TELEC-C-ALT-00171,Unauthorized Access activity detected,Automated UNAUTHORIZED_ACCESS alert on asset TELEC-C-AST-0026,LOW,UNAUTHORIZED_ACCESS,SIEM,TELEC-C-AST-0026,2026-09-08 16:38:37,2026-09-08 16:47:37,2026-09-09 11:18:37,CLOSED
TELEC-C,TELEC-C-ALT-00172,Unauthorized Access activity detected,Automated UNAUTHORIZED_ACCESS alert on asset TELEC-C-AST-0019,INFO,UNAUTHORIZED_ACCESS,SIEM,TELEC-C-AST-0019,2026-09-21 22:35:39,2026-09-21 23:05:39,2026-09-22 05:16:39,CLOSED
TELEC-C,TELEC-C-ALT-00173,Unauthorized Access activity detected,Automated UNAUTHORIZED_ACCESS alert on asset TELEC-C-AST-0028,LOW,UNAUTHORIZED_ACCESS,SIEM,TELEC-C-AST-0028,2026-08-14 16:09:55,2026-08-14 16:19:55,2026-08-15 15:29:55,FALSE_POSITIVE
TELEC-C,TELEC-C-ALT-00174,Policy Violation activity detected,Automated POLICY_VIOLATION alert on asset TELEC-C-AST-0052,HIGH,POLICY_VIOLATION,WAF,TELEC-C-AST-0052,2026-07-27 15:19:54,2026-07-27 15:25:54,2026-07-27 17:19:54,FALSE_POSITIVE
TELEC-C,TELEC-C-ALT-00175,Unauthorized Access activity detected,Automated UNAUTHORIZED_ACCESS alert on asset TELEC-C-AST-0062,INFO,UNAUTHORIZED_ACCESS,SIEM,TELEC-C-AST-0062,2026-08-19 03:25:54,2026-08-19 03:30:54,2026-08-19 09:11:54,FALSE_POSITIVE
TELEC-C,TELEC-C-ALT-00176,Phishing activity detected,Automated PHISHING alert on asset TELEC-C-AST-0067,HIGH,PHISHING,NDR,TELEC-C-AST-0067,2026-07-30 17:16:10,2026-07-30 17:31:10,2026-07-30 21:29:10,CLOSED
TELEC-C,TELEC-C-ALT-00177,Dos activity detected,Automated DoS alert on asset TELEC-C-AST-0003,LOW,DoS,SIEM,TELEC-C-AST-0003,2026-09-07 21:14:18,2026-09-07 21:20:18,2026-09-08 15:39:18,CLOSED
TELEC-C,TELEC-C-ALT-00178,Malware activity detected,Automated MALWARE alert on asset TELEC-C-AST-0028,LOW,MALWARE,EDR,TELEC-C-AST-0028,2026-07-11 17:59:52,2026-07-11 18:17:52,2026-07-12 07:03:52,CLOSED
TELEC-C,TELEC-C-ALT-00179,Malware activity detected,Automated MALWARE alert on asset TELEC-C-AST-0020,INFO,MALWARE,SIEM,TELEC-C-AST-0020,2026-07-05 09:06:10,2026-07-05 09:07:10,2026-07-06 07:30:10,CLOSED
TELEC-C,TELEC-C-ALT-00180,Policy Violation activity detected,Automated POLICY_VIOLATION alert on asset TELEC-C-AST-0002,MEDIUM,POLICY_VIOLATION,SIEM,TELEC-C-AST-0002,2026-07-07 18:40:54,2026-07-07 19:01:54,2026-07-08 17:29:54,CLOSED
TELEC-C,TELEC-C-ALT-00181,Data Exfiltration activity detected,Automated DATA_EXFILTRATION alert on asset TELEC-C-AST-0011,HIGH,DATA_EXFILTRATION,EDR,TELEC-C-AST-0011,2026-08-13 03:14:40,2026-08-13 03:19:40,2026-08-13 05:02:40,CLOSED
TELEC-C,TELEC-C-ALT-00182,Unauthorized Access activity detected,Automated UNAUTHORIZED_ACCESS alert on asset TELEC-C-AST-0068,LOW,UNAUTHORIZED_ACCESS,WAF,TELEC-C-AST-0068,2026-08-27 21:34:46,2026-08-27 21:54:46,2026-08-28 14:30:46,CLOSED
TELEC-C,TELEC-C-ALT-00183,Unauthorized Access activity detected,Automated UNAUTHORIZED_ACCESS alert on asset TELEC-C-AST-0069,INFO,UNAUTHORIZED_ACCESS,SIEM,TELEC-C-AST-0069,2026-09-08 10:52:51,2026-09-08 11:07:51,2026-09-09 02:36:51,CLOSED
TELEC-C,TELEC-C-ALT-00184,Phishing activity detected,Automated PHISHING alert on asset TELEC-C-AST-0069,LOW,PHISHING,NDR,TELEC-C-AST-0069,2026-09-06 20:25:24,2026-09-06 20:39:24,2026-09-07 01:08:24,CLOSED
TELEC-C,TELEC-C-ALT-00185,Dos activity detected,Automated DoS alert on asset TELEC-C-AST-0070,MEDIUM,DoS,WAF,TELEC-C-AST-0070,2026-08-26 08:35:33,2026-08-26 08:59:33,2026-08-27 06:33:33,CLOSED
TELEC-C,TELEC-C-ALT-00186,Phishing activity detected,Automated PHISHING alert on asset TELEC-C-AST-0061,LOW,PHISHING,NDR,TELEC-C-AST-0061,2026-08-29 04:04:37,2026-08-29 04:34:37,2026-08-30 02:17:37,CLOSED
TELEC-C,TELEC-C-ALT-00187,Policy Violation activity detected,Automated POLICY_VIOLATION alert on asset TELEC-C-AST-0052,LOW,POLICY_VIOLATION,WAF,TELEC-C-AST-0052,2026-08-10 15:19:19,2026-08-10 15:24:19,2026-08-11 10:41:19,FALSE_POSITIVE
TELEC-C,TELEC-C-ALT-00188,Unauthorized Access activity detected,Automated UNAUTHORIZED_ACCESS alert on asset TELEC-C-AST-0056,LOW,UNAUTHORIZED_ACCESS,NDR,TELEC-C-AST-0056,2026-09-15 04:25:14,2026-09-15 04:36:14,2026-09-15 10:08:14,FALSE_POSITIVE
TELEC-C,TELEC-C-ALT-00189,Malware activity detected,Automated MALWARE alert on asset TELEC-C-AST-0064,LOW,MALWARE,EDR,TELEC-C-AST-0064,2026-07-06 06:47:24,2026-07-06 07:16:24,2026-07-06 17:44:24,CLOSED
TELEC-C,TELEC-C-ALT-00190,Phishing activity detected,Automated PHISHING alert on asset TELEC-C-AST-0035,LOW,PHISHING,NDR,TELEC-C-AST-0035,2026-07-28 22:09:08,2026-07-28 22:13:08,2026-07-29 01:04:08,CLOSED
